This is pdfTeX, Version 3.141592653-2.6-1.40.27 (TeX Live 2025) (preloaded format=pdflatex 2025.4.19)  22 SEP 2026 22:29
entering extended mode
 restricted \write18 enabled.
 %&-line parsing enabled.
**Atlas_Shrugged.tex
(./Atlas_Shrugged.tex
LaTeX2e <2024-11-01> patch level 2
L3 programming layer <2025-01-18>
(/usr/local/texlive/2025/texmf-dist/tex/latex/base/book.cls
Document Class: book 2024/06/29 v1.4n Standard LaTeX document class
(/usr/local/texlive/2025/texmf-dist/tex/latex/base/bk11.clo
File: bk11.clo 2024/06/29 v1.4n Standard LaTeX file (size option)
)
\c@part=\count196
\c@chapter=\count197
\c@section=\count198
\c@subsection=\count199
\c@subsubsection=\count266
\c@paragraph=\count267
\c@subparagraph=\count268
\c@figure=\count269
\c@table=\count270
\abovecaptionskip=\skip49
\belowcaptionskip=\skip50
\bibindent=\dimen141
)
(/usr/local/texlive/2025/texmf-dist/tex/latex/base/fontenc.sty
Package: fontenc 2021/04/29 v2.0v Standard LaTeX package
)
(/usr/local/texlive/2025/texmf-dist/tex/latex/base/inputenc.sty
Package: inputenc 2024/02/08 v1.3d Input encoding file
\inpenc@prehook=\toks17
\inpenc@posthook=\toks18
)
(/usr/local/texlive/2025/texmf-dist/tex/latex/libertine/libertine.sty
Package: libertine 2024/04/23 (Bob Tennent) Supports Libertine and Biolinum fon
ts for all LaTeX engines.

(/usr/local/texlive/2025/texmf-dist/tex/generic/iftex/ifxetex.sty
Package: ifxetex 2019/10/25 v0.7 ifxetex legacy package. Use iftex instead.

(/usr/local/texlive/2025/texmf-dist/tex/generic/iftex/iftex.sty
Package: iftex 2024/12/12 v1.0g TeX engine tests
))
(/usr/local/texlive/2025/texmf-dist/tex/generic/iftex/ifluatex.sty
Package: ifluatex 2019/10/25 v1.5 ifluatex legacy package. Use iftex instead.
)
(/usr/local/texlive/2025/texmf-dist/tex/latex/xkeyval/xkeyval.sty
Package: xkeyval 2022/06/16 v2.9 package option processing (HA)

(/usr/local/texlive/2025/texmf-dist/tex/generic/xkeyval/xkeyval.tex
(/usr/local/texlive/2025/texmf-dist/tex/generic/xkeyval/xkvutils.tex
\XKV@toks=\toks19
\XKV@tempa@toks=\toks20

(/usr/local/texlive/2025/texmf-dist/tex/generic/xkeyval/keyval.tex))
\XKV@depth=\count271
File: xkeyval.tex 2014/12/03 v2.7a key=value parser (HA)
))
(/usr/local/texlive/2025/texmf-dist/tex/latex/base/textcomp.sty
Package: textcomp 2024/04/24 v2.1b Standard LaTeX package
)
(/usr/local/texlive/2025/texmf-dist/tex/latex/base/fontenc.sty
Package: fontenc 2021/04/29 v2.0v Standard LaTeX package
)
(/usr/local/texlive/2025/texmf-dist/tex/latex/fontaxes/fontaxes.sty
Package: fontaxes 2020/07/21 v1.0e Font selection axes
LaTeX Info: Redefining \upshape on input line 29.
LaTeX Info: Redefining \itshape on input line 31.
LaTeX Info: Redefining \slshape on input line 33.
LaTeX Info: Redefining \swshape on input line 35.
LaTeX Info: Redefining \scshape on input line 37.
LaTeX Info: Redefining \sscshape on input line 39.
LaTeX Info: Redefining \ulcshape on input line 41.
LaTeX Info: Redefining \textsw on input line 47.
LaTeX Info: Redefining \textssc on input line 48.
LaTeX Info: Redefining \textulc on input line 49.
)
LaTeX Info: Redefining \oldstylenums on input line 485.

(/usr/local/texlive/2025/texmf-dist/tex/latex/libertine/LinLibertine_I.tex))
(/usr/local/texlive/2025/texmf-dist/tex/latex/microtype/microtype.sty
Package: microtype 2025/02/11 v3.2a Micro-typographical refinements (RS)

(/usr/local/texlive/2025/texmf-dist/tex/latex/etoolbox/etoolbox.sty
Package: etoolbox 2025/02/11 v2.5l e-TeX tools for LaTeX (JAW)
\etb@tempcnta=\count272
)
\MT@toks=\toks21
\MT@tempbox=\box52
\MT@count=\count273
LaTeX Info: Redefining \noprotrusionifhmode on input line 1087.
LaTeX Info: Redefining \leftprotrusion on input line 1088.
\MT@prot@toks=\toks22
LaTeX Info: Redefining \rightprotrusion on input line 1107.
LaTeX Info: Redefining \textls on input line 1449.
\MT@outer@kern=\dimen142
LaTeX Info: Redefining \microtypecontext on input line 2053.
LaTeX Info: Redefining \textmicrotypecontext on input line 2070.
\MT@listname@count=\count274

(/usr/local/texlive/2025/texmf-dist/tex/latex/microtype/microtype-pdftex.def
File: microtype-pdftex.def 2025/02/11 v3.2a Definitions specific to pdftex (RS)

LaTeX Info: Redefining \lsstyle on input line 944.
LaTeX Info: Redefining \lslig on input line 944.
\MT@outer@space=\skip51
)
Package microtype Info: Loading configuration file microtype.cfg.

(/usr/local/texlive/2025/texmf-dist/tex/latex/microtype/microtype.cfg
File: microtype.cfg 2025/02/11 v3.2a microtype main configuration file (RS)
)
LaTeX Info: Redefining \microtypesetup on input line 3065.
)
(/usr/local/texlive/2025/texmf-dist/tex/latex/titlesec/titlesec.sty
Package: titlesec 2025/01/04 v2.17 Sectioning titles
\ttl@box=\box53
\beforetitleunit=\skip52
\aftertitleunit=\skip53
\ttl@plus=\dimen143
\ttl@minus=\dimen144
\ttl@toksa=\toks23
\titlewidth=\dimen145
\titlewidthlast=\dimen146
\titlewidthfirst=\dimen147
)
(/usr/local/texlive/2025/texmf-dist/tex/latex/fancyhdr/fancyhdr.sty
Package: fancyhdr 2025/02/07 v5.2 Extensive control of page headers and footers

\f@nch@headwidth=\skip54
\f@nch@offset@elh=\skip55
\f@nch@offset@erh=\skip56
\f@nch@offset@olh=\skip57
\f@nch@offset@orh=\skip58
\f@nch@offset@elf=\skip59
\f@nch@offset@erf=\skip60
\f@nch@offset@olf=\skip61
\f@nch@offset@orf=\skip62
\f@nch@height=\skip63
\f@nch@footalignment=\skip64
\f@nch@widthL=\skip65
\f@nch@widthC=\skip66
\f@nch@widthR=\skip67
\@temptokenb=\toks24
)
(/usr/local/texlive/2025/texmf-dist/tex/latex/geometry/geometry.sty
Package: geometry 2020/01/02 v5.9 Page Geometry

(/usr/local/texlive/2025/texmf-dist/tex/generic/iftex/ifvtex.sty
Package: ifvtex 2019/10/25 v1.7 ifvtex legacy package. Use iftex instead.
)
\Gm@cnth=\count275
\Gm@cntv=\count276
\c@Gm@tempcnt=\count277
\Gm@bindingoffset=\dimen148
\Gm@wd@mp=\dimen149
\Gm@odd@mp=\dimen150
\Gm@even@mp=\dimen151
\Gm@layoutwidth=\dimen152
\Gm@layoutheight=\dimen153
\Gm@layouthoffset=\dimen154
\Gm@layoutvoffset=\dimen155
\Gm@dimlist=\toks25
)
(/usr/local/texlive/2025/texmf-dist/tex/latex/hyperref/hyperref.sty
Package: hyperref 2024-11-05 v7.01l Hypertext links for LaTeX

(/usr/local/texlive/2025/texmf-dist/tex/latex/kvsetkeys/kvsetkeys.sty
Package: kvsetkeys 2022-10-05 v1.19 Key value parser (HO)
)
(/usr/local/texlive/2025/texmf-dist/tex/generic/kvdefinekeys/kvdefinekeys.sty
Package: kvdefinekeys 2019-12-19 v1.6 Define keys (HO)
)
(/usr/local/texlive/2025/texmf-dist/tex/generic/pdfescape/pdfescape.sty
Package: pdfescape 2019/12/09 v1.15 Implements pdfTeX's escape features (HO)

(/usr/local/texlive/2025/texmf-dist/tex/generic/ltxcmds/ltxcmds.sty
Package: ltxcmds 2023-12-04 v1.26 LaTeX kernel commands for general use (HO)
)
(/usr/local/texlive/2025/texmf-dist/tex/generic/pdftexcmds/pdftexcmds.sty
Package: pdftexcmds 2020-06-27 v0.33 Utility functions of pdfTeX for LuaTeX (HO
)

(/usr/local/texlive/2025/texmf-dist/tex/generic/infwarerr/infwarerr.sty
Package: infwarerr 2019/12/03 v1.5 Providing info/warning/error messages (HO)
)
Package pdftexcmds Info: \pdf@primitive is available.
Package pdftexcmds Info: \pdf@ifprimitive is available.
Package pdftexcmds Info: \pdfdraftmode found.
))
(/usr/local/texlive/2025/texmf-dist/tex/latex/hycolor/hycolor.sty
Package: hycolor 2020-01-27 v1.10 Color options for hyperref/bookmark (HO)
)
(/usr/local/texlive/2025/texmf-dist/tex/latex/hyperref/nameref.sty
Package: nameref 2023-11-26 v2.56 Cross-referencing by name of section

(/usr/local/texlive/2025/texmf-dist/tex/latex/refcount/refcount.sty
Package: refcount 2019/12/15 v3.6 Data extraction from label references (HO)
)
(/usr/local/texlive/2025/texmf-dist/tex/generic/gettitlestring/gettitlestring.s
ty
Package: gettitlestring 2019/12/15 v1.6 Cleanup title references (HO)
 (/usr/local/texlive/2025/texmf-dist/tex/latex/kvoptions/kvoptions.sty
Package: kvoptions 2022-06-15 v3.15 Key value format for package options (HO)
))
\c@section@level=\count278
)
(/usr/local/texlive/2025/texmf-dist/tex/generic/stringenc/stringenc.sty
Package: stringenc 2019/11/29 v1.12 Convert strings between diff. encodings (HO
)
)
\@linkdim=\dimen156
\Hy@linkcounter=\count279
\Hy@pagecounter=\count280

(/usr/local/texlive/2025/texmf-dist/tex/latex/hyperref/pd1enc.def
File: pd1enc.def 2024-11-05 v7.01l Hyperref: PDFDocEncoding definition (HO)
Now handling font encoding PD1 ...
... no UTF-8 mapping file for font encoding PD1
)
(/usr/local/texlive/2025/texmf-dist/tex/generic/intcalc/intcalc.sty
Package: intcalc 2019/12/15 v1.3 Expandable calculations with integers (HO)
)
\Hy@SavedSpaceFactor=\count281

(/usr/local/texlive/2025/texmf-dist/tex/latex/hyperref/puenc.def
File: puenc.def 2024-11-05 v7.01l Hyperref: PDF Unicode definition (HO)
Now handling font encoding PU ...
... no UTF-8 mapping file for font encoding PU
)
Package hyperref Info: Hyper figures OFF on input line 4157.
Package hyperref Info: Link nesting OFF on input line 4162.
Package hyperref Info: Hyper index ON on input line 4165.
Package hyperref Info: Plain pages OFF on input line 4172.
Package hyperref Info: Backreferencing OFF on input line 4177.
Package hyperref Info: Implicit mode ON; LaTeX internals redefined.
Package hyperref Info: Bookmarks ON on input line 4424.
\c@Hy@tempcnt=\count282

(/usr/local/texlive/2025/texmf-dist/tex/latex/url/url.sty
\Urlmuskip=\muskip17
Package: url 2013/09/16  ver 3.4  Verb mode for urls, etc.
)
LaTeX Info: Redefining \url on input line 4763.
\XeTeXLinkMargin=\dimen157

(/usr/local/texlive/2025/texmf-dist/tex/generic/bitset/bitset.sty
Package: bitset 2019/12/09 v1.3 Handle bit-vector datatype (HO)

(/usr/local/texlive/2025/texmf-dist/tex/generic/bigintcalc/bigintcalc.sty
Package: bigintcalc 2019/12/15 v1.5 Expandable calculations on big integers (HO
)
))
\Fld@menulength=\count283
\Field@Width=\dimen158
\Fld@charsize=\dimen159
Package hyperref Info: Hyper figures OFF on input line 6042.
Package hyperref Info: Link nesting OFF on input line 6047.
Package hyperref Info: Hyper index ON on input line 6050.
Package hyperref Info: backreferencing OFF on input line 6057.
Package hyperref Info: Link coloring OFF on input line 6062.
Package hyperref Info: Link coloring with OCG OFF on input line 6067.
Package hyperref Info: PDF/A mode OFF on input line 6072.

(/usr/local/texlive/2025/texmf-dist/tex/latex/base/atbegshi-ltx.sty
Package: atbegshi-ltx 2021/01/10 v1.0c Emulation of the original atbegshi
package with kernel methods
)
\Hy@abspage=\count284
\c@Item=\count285
\c@Hfootnote=\count286
)
Package hyperref Info: Driver (autodetected): hpdftex.

(/usr/local/texlive/2025/texmf-dist/tex/latex/hyperref/hpdftex.def
File: hpdftex.def 2024-11-05 v7.01l Hyperref driver for pdfTeX

(/usr/local/texlive/2025/texmf-dist/tex/latex/base/atveryend-ltx.sty
Package: atveryend-ltx 2020/08/19 v1.0a Emulation of the original atveryend pac
kage
with kernel methods
)
\Fld@listcount=\count287
\c@bookmark@seq@number=\count288

(/usr/local/texlive/2025/texmf-dist/tex/latex/rerunfilecheck/rerunfilecheck.sty
Package: rerunfilecheck 2022-07-10 v1.10 Rerun checks for auxiliary files (HO)

(/usr/local/texlive/2025/texmf-dist/tex/generic/uniquecounter/uniquecounter.sty
Package: uniquecounter 2019/12/15 v1.4 Provide unlimited unique counter (HO)
)
Package uniquecounter Info: New unique counter `rerunfilecheck' on input line 2
85.
)
\Hy@SectionHShift=\skip68
)
Package hyperref Info: Option `bookmarksnumbered' set `false' on input line 22.

LaTeX Font Info:    Trying to load font information for T1+LinuxLibertineT-TLF 
on input line 74.

(/usr/local/texlive/2025/texmf-dist/tex/latex/libertine/T1LinuxLibertineT-TLF.f
d
File: T1LinuxLibertineT-TLF.fd 2017/03/20 (autoinst) Font definitions for T1/Li
nuxLibertineT-TLF.
)
LaTeX Font Info:    Font shape `T1/LinuxLibertineT-TLF/m/n' will be
(Font)              scaled to size 10.95pt on input line 74.
 (/usr/local/texlive/2025/texmf-dist/tex/latex/l3backend/l3backend-pdftex.def
File: l3backend-pdftex.def 2024-05-08 L3 backend support: PDF output (pdfTeX)
\l__color_backend_stack_int=\count289
\l__pdf_internal_box=\box54
) (./Atlas_Shrugged.aux)
\openout1 = `Atlas_Shrugged.aux'.

LaTeX Font Info:    Checking defaults for OML/cmm/m/it on input line 74.
LaTeX Font Info:    ... okay on input line 74.
LaTeX Font Info:    Checking defaults for OMS/cmsy/m/n on input line 74.
LaTeX Font Info:    ... okay on input line 74.
LaTeX Font Info:    Checking defaults for OT1/cmr/m/n on input line 74.
LaTeX Font Info:    ... okay on input line 74.
LaTeX Font Info:    Checking defaults for T1/cmr/m/n on input line 74.
LaTeX Font Info:    ... okay on input line 74.
LaTeX Font Info:    Checking defaults for TS1/cmr/m/n on input line 74.
LaTeX Font Info:    ... okay on input line 74.
LaTeX Font Info:    Checking defaults for OMX/cmex/m/n on input line 74.
LaTeX Font Info:    ... okay on input line 74.
LaTeX Font Info:    Checking defaults for U/cmr/m/n on input line 74.
LaTeX Font Info:    ... okay on input line 74.
LaTeX Font Info:    Checking defaults for PD1/pdf/m/n on input line 74.
LaTeX Font Info:    ... okay on input line 74.
LaTeX Font Info:    Checking defaults for PU/pdf/m/n on input line 74.
LaTeX Font Info:    ... okay on input line 74.
\c@mv@tabular=\count290
\c@mv@boldtabular=\count291
LaTeX Info: Redefining \microtypecontext on input line 74.
Package microtype Info: Applying patch `item' on input line 74.
Package microtype Info: Applying patch `toc' on input line 74.
Package microtype Info: Applying patch `eqnum' on input line 74.
Package microtype Info: Applying patch `footnote' on input line 74.
Package microtype Info: Applying patch `verbatim' on input line 74.
LaTeX Info: Redefining \microtypesetup on input line 74.
Package microtype Info: Generating PDF output.
Package microtype Info: Character protrusion enabled (level 2).
Package microtype Info: Using default protrusion set `alltext'.
Package microtype Info: Automatic font expansion enabled (level 2),
(microtype)             stretch: 20, shrink: 20, step: 1, non-selected.
Package microtype Info: Using default expansion set `alltext-nott'.
LaTeX Info: Redefining \showhyphens on input line 74.
Package microtype Info: No adjustment of tracking.
Package microtype Info: No adjustment of interword spacing.
Package microtype Info: No adjustment of character kerning.
Package microtype Info: Loading generic protrusion settings for font family
(microtype)             `LinuxLibertineT-TLF' (encoding: T1).
(microtype)             For optimal results, create family-specific settings.
(microtype)             See the microtype manual for details.

*geometry* driver: auto-detecting
*geometry* detected driver: pdftex
*geometry* verbose mode - [ preamble ] result:
* driver: pdftex
* paper: custom
* layout: <same size as paper>
* layoutoffset:(h,v)=(0.0pt,0.0pt)
* modes: twoside 
* h-part:(L,W,R)=(56.3705pt, 329.55104pt, 47.69846pt)
* v-part:(T,H,B)=(56.3705pt, 531.90726pt, 62.15224pt)
* \paperwidth=433.62pt
* \paperheight=650.43pt
* \textwidth=329.55104pt
* \textheight=531.90726pt
* \oddsidemargin=-15.89949pt
* \evensidemargin=-24.57153pt
* \topmargin=-47.77328pt
* \headheight=12.0pt
* \headsep=19.8738pt
* \topskip=11.0pt
* \footskip=27.46295pt
* \marginparwidth=116.0pt
* \marginparsep=7.0pt
* \columnsep=10.0pt
* \skip\footins=10.0pt plus 4.0pt minus 2.0pt
* \hoffset=0.0pt
* \voffset=0.0pt
* \mag=1000
* \@twocolumnfalse
* \@twosidetrue
* \@mparswitchtrue
* \@reversemarginfalse
* (1in=72.27pt=25.4mm, 1cm=28.453pt)

Package hyperref Info: Link coloring OFF on input line 74.
(./Atlas_Shrugged.out) (./Atlas_Shrugged.out)
\@outlinefile=\write3
\openout3 = `Atlas_Shrugged.out'.

LaTeX Font Info:    Trying to load font information for T1+LinuxBiolinumT-TLF o
n input line 79.

(/usr/local/texlive/2025/texmf-dist/tex/latex/libertine/T1LinuxBiolinumT-TLF.fd
File: T1LinuxBiolinumT-TLF.fd 2017/03/20 (autoinst) Font definitions for T1/Lin
uxBiolinumT-TLF.
)
LaTeX Font Info:    Font shape `T1/LinuxBiolinumT-TLF/m/n' will be
(Font)              scaled to size 10.95pt on input line 79.
Package microtype Info: Loading generic protrusion settings for font family
(microtype)             `LinuxBiolinumT-TLF' (encoding: T1).
(microtype)             For optimal results, create family-specific settings.
(microtype)             See the microtype manual for details.
LaTeX Font Info:    Font shape `T1/LinuxBiolinumT-TLF/b/n' will be
(Font)              scaled to size 10.95pt on input line 79.
LaTeX Font Info:    Font shape `T1/LinuxBiolinumT-TLF/b/n' will be
(Font)              scaled to size 34.0pt on input line 79.
LaTeX Font Info:    Font shape `T1/LinuxBiolinumT-TLF/m/n' will be
(Font)              scaled to size 12.0pt on input line 81.
LaTeX Font Info:    Font shape `T1/LinuxBiolinumT-TLF/m/n' will be
(Font)              scaled to size 10.0pt on input line 82.


[1


{/usr/local/texlive/2025/texmf-var/fonts/map/pdftex/updmap/pdftex.map}{/usr/loc
al/texlive/2025/texmf-dist/fonts/enc/dvips/libertine/lbtn_25tcsq.enc}]
LaTeX Font Info:    Font shape `T1/LinuxBiolinumT-TLF/m/n' will be
(Font)              scaled to size 14.4pt on input line 90.
LaTeX Font Info:    Font shape `T1/LinuxBiolinumT-TLF/b/n' will be
(Font)              scaled to size 14.4pt on input line 90.
LaTeX Font Info:    Font shape `T1/LinuxLibertineT-TLF/m/it' will be
(Font)              scaled to size 10.95pt on input line 94.


[1

{/usr/local/texlive/2025/texmf-dist/fonts/enc/dvips/libertine/lbtn_76gpa5.enc}{
/usr/local/texlive/2025/texmf-dist/fonts/enc/dvips/libertine/lbtn_7grukw.enc}] 
(./Atlas_Shrugged.toc
LaTeX Font Info:    Font shape `T1/LinuxLibertineT-TLF/b/n' will be
(Font)              scaled to size 10.95pt on input line 1.
LaTeX Font Info:    Font shape `T1/LinuxLibertineT-TLF/m/n' will be
(Font)              scaled to size 12.0pt on input line 2.
LaTeX Font Info:    Font shape `T1/LinuxLibertineT-TLF/b/n' will be
(Font)              scaled to size 12.0pt on input line 2.


[2

{/usr/local/texlive/2025/texmf-dist/fonts/enc/dvips/libertine/lbtn_nh77jq.enc}]
)
\tf@toc=\write4
\openout4 = `Atlas_Shrugged.toc'.



LaTeX Font Info:    Font shape `T1/LinuxBiolinumT-TLF/m/it' will be
(Font)              scaled to size 10.0pt on input line 97.
[3]
LaTeX Font Info:    Font shape `T1/LinuxBiolinumT-TLF/b/n' will be
(Font)              scaled to size 12.0pt on input line 101.



pdfTeX warning (ext4): destination with the same identifier (name{page.1}) has 
been already used, duplicate ignored
<to be read again> 
                   \relax 
l.101 \bookpart{Part I. Non-Contradiction}
                                           [1


]
LaTeX Font Info:    Font shape `T1/LinuxLibertineT-TLF/m/n' will be
(Font)              scaled to size 14.4pt on input line 103.


Package hyperref Warning: Token not allowed in a PDF string (Unicode):
(hyperref)                \hskip 10.95pt
(hyperref)                replaced by space on input line 103.


Underfull \vbox (badness 10000) has occurred while \output is active []



[2



]
Underfull \vbox (badness 10000) has occurred while \output is active []



[3]
Underfull \vbox (badness 10000) has occurred while \output is active []



[4]
Underfull \vbox (badness 10000) has occurred while \output is active []



[5]
Underfull \vbox (badness 10000) has occurred while \output is active []



[6]
Underfull \vbox (badness 10000) has occurred while \output is active []



[7]
Underfull \vbox (badness 10000) has occurred while \output is active []



[8]
Underfull \vbox (badness 10000) has occurred while \output is active []



[9]
Underfull \vbox (badness 10000) has occurred while \output is active []



[10]
Underfull \vbox (badness 10000) has occurred while \output is active []



[11]
Underfull \vbox (badness 10000) has occurred while \output is active []



[12]
Underfull \vbox (badness 10000) has occurred while \output is active []



[13]
Underfull \vbox (badness 10000) has occurred while \output is active []



[14]
Underfull \vbox (badness 10000) has occurred while \output is active []



[15]
Underfull \vbox (badness 10000) has occurred while \output is active []



[16]
Underfull \vbox (badness 10000) has occurred while \output is active []



[17]
Underfull \vbox (badness 10000) has occurred while \output is active []



[18]
Underfull \vbox (badness 10000) has occurred while \output is active []



[19]
Underfull \vbox (badness 10000) has occurred while \output is active []



[20]
Underfull \vbox (badness 10000) has occurred while \output is active []



[21]
Underfull \vbox (badness 10000) has occurred while \output is active []



[22]
Underfull \vbox (badness 10000) has occurred while \output is active []



[23]
Underfull \vbox (badness 10000) has occurred while \output is active []



[24]
Underfull \vbox (badness 10000) has occurred while \output is active []



[25]
Underfull \vbox (badness 10000) has occurred while \output is active []



[26]
Underfull \vbox (badness 10000) has occurred while \output is active []



[27]
Underfull \vbox (badness 10000) has occurred while \output is active []



[28]

[29]

Package hyperref Warning: Token not allowed in a PDF string (Unicode):
(hyperref)                \hskip 10.95pt
(hyperref)                replaced by space on input line 919.


Underfull \vbox (badness 10000) has occurred while \output is active []



[30


]
Underfull \vbox (badness 10000) has occurred while \output is active []



[31]
Underfull \vbox (badness 10000) has occurred while \output is active []



[32]
Underfull \vbox (badness 10000) has occurred while \output is active []



[33]
Underfull \vbox (badness 10000) has occurred while \output is active []



[34]
Underfull \vbox (badness 10000) has occurred while \output is active []



[35]
Underfull \vbox (badness 10000) has occurred while \output is active []



[36]
Underfull \vbox (badness 10000) has occurred while \output is active []



[37]
Underfull \vbox (badness 10000) has occurred while \output is active []



[38]
Underfull \vbox (badness 10000) has occurred while \output is active []



[39]
Underfull \vbox (badness 10000) has occurred while \output is active []



[40]
Underfull \vbox (badness 10000) has occurred while \output is active []



[41]
Underfull \vbox (badness 10000) has occurred while \output is active []



[42]
Underfull \vbox (badness 10000) has occurred while \output is active []



[43]
Underfull \vbox (badness 10000) has occurred while \output is active []



[44]
Underfull \vbox (badness 10000) has occurred while \output is active []



[45]
Underfull \vbox (badness 10000) has occurred while \output is active []



[46]
Underfull \vbox (badness 10000) has occurred while \output is active []



[47]
Underfull \vbox (badness 10000) has occurred while \output is active []



[48]

[49]

Package hyperref Warning: Token not allowed in a PDF string (Unicode):
(hyperref)                \hskip 10.95pt
(hyperref)                replaced by space on input line 1363.


Underfull \vbox (badness 10000) has occurred while \output is active []



[50


]
Underfull \vbox (badness 10000) has occurred while \output is active []



[51]
Underfull \vbox (badness 10000) has occurred while \output is active []



[52]
Underfull \vbox (badness 10000) has occurred while \output is active []



[53]
Underfull \vbox (badness 10000) has occurred while \output is active []



[54]
Underfull \vbox (badness 10000) has occurred while \output is active []



[55]
Underfull \vbox (badness 10000) has occurred while \output is active []



[56]
Underfull \vbox (badness 10000) has occurred while \output is active []



[57]
Underfull \vbox (badness 10000) has occurred while \output is active []



[58]
Underfull \vbox (badness 10000) has occurred while \output is active []



[59]
Underfull \vbox (badness 10000) has occurred while \output is active []



[60]
Underfull \vbox (badness 10000) has occurred while \output is active []



[61]
Underfull \vbox (badness 10000) has occurred while \output is active []



[62]
Underfull \vbox (badness 10000) has occurred while \output is active []



[63]
Underfull \vbox (badness 10000) has occurred while \output is active []



[64]
Underfull \vbox (badness 10000) has occurred while \output is active []



[65]
Underfull \vbox (badness 10000) has occurred while \output is active []



[66]
Underfull \vbox (badness 10000) has occurred while \output is active []



[67]
Underfull \vbox (badness 10000) has occurred while \output is active []



[68]
Underfull \vbox (badness 10000) has occurred while \output is active []



[69]
Underfull \vbox (badness 10000) has occurred while \output is active []



[70]
Underfull \vbox (badness 10000) has occurred while \output is active []



[71]

[72]

Package hyperref Warning: Token not allowed in a PDF string (Unicode):
(hyperref)                \hskip 10.95pt
(hyperref)                replaced by space on input line 1915.


Underfull \vbox (badness 10000) has occurred while \output is active []



[73


]
Underfull \vbox (badness 10000) has occurred while \output is active []



[74]
Underfull \vbox (badness 10000) has occurred while \output is active []



[75]
Underfull \vbox (badness 10000) has occurred while \output is active []



[76]
Overfull \hbox (0.64964pt too wide) in paragraph at lines 2007--2008
\T1/LinuxLibertineT-TLF/m/n/10.95 (-20) key with our times. It has a tone of ec
stasy. Who cares for ecstasy nowadays?''
 []


Underfull \vbox (badness 10000) has occurred while \output is active []



[77]
Underfull \vbox (badness 10000) has occurred while \output is active []



[78]
Underfull \vbox (badness 10000) has occurred while \output is active []



[79]
Underfull \vbox (badness 10000) has occurred while \output is active []



[80]
Underfull \vbox (badness 10000) has occurred while \output is active []



[81]
Underfull \vbox (badness 10000) has occurred while \output is active []



[82]
Underfull \vbox (badness 10000) has occurred while \output is active []



[83]
Underfull \vbox (badness 10000) has occurred while \output is active []



[84]
Underfull \vbox (badness 10000) has occurred while \output is active []



[85]
Underfull \vbox (badness 10000) has occurred while \output is active []



[86]
Underfull \vbox (badness 10000) has occurred while \output is active []



[87]
Underfull \vbox (badness 10000) has occurred while \output is active []



[88]
Underfull \vbox (badness 10000) has occurred while \output is active []



[89]
Underfull \vbox (badness 10000) has occurred while \output is active []



[90]
Underfull \vbox (badness 10000) has occurred while \output is active []



[91]
Underfull \vbox (badness 10000) has occurred while \output is active []



[92]
Underfull \vbox (badness 10000) has occurred while \output is active []



[93]
Underfull \vbox (badness 10000) has occurred while \output is active []



[94]
Underfull \vbox (badness 10000) has occurred while \output is active []



[95]
Underfull \vbox (badness 10000) has occurred while \output is active []



[96]
Underfull \vbox (badness 10000) has occurred while \output is active []



[97]
Underfull \vbox (badness 10000) has occurred while \output is active []



[98]
Underfull \vbox (badness 10000) has occurred while \output is active []



[99]
Underfull \vbox (badness 10000) has occurred while \output is active []



[100]

[101]

Package hyperref Warning: Token not allowed in a PDF string (Unicode):
(hyperref)                \hskip 10.95pt
(hyperref)                replaced by space on input line 2671.


Underfull \vbox (badness 10000) has occurred while \output is active []



[102


]
Underfull \vbox (badness 10000) has occurred while \output is active []



[103]
Underfull \vbox (badness 10000) has occurred while \output is active []



[104]
Underfull \vbox (badness 10000) has occurred while \output is active []



[105]
Underfull \vbox (badness 10000) has occurred while \output is active []



[106]
Underfull \vbox (badness 10000) has occurred while \output is active []



[107]
Underfull \vbox (badness 10000) has occurred while \output is active []



[108]
Underfull \vbox (badness 10000) has occurred while \output is active []



[109]
Underfull \vbox (badness 10000) has occurred while \output is active []



[110]
Underfull \vbox (badness 10000) has occurred while \output is active []



[111]
Underfull \vbox (badness 10000) has occurred while \output is active []



[112]
Underfull \vbox (badness 10000) has occurred while \output is active []



[113]
Underfull \vbox (badness 10000) has occurred while \output is active []



[114]
Underfull \vbox (badness 10000) has occurred while \output is active []



[115]
Underfull \vbox (badness 10000) has occurred while \output is active []



[116]
Underfull \vbox (badness 10000) has occurred while \output is active []



[117]
Underfull \vbox (badness 10000) has occurred while \output is active []



[118]
Underfull \vbox (badness 10000) has occurred while \output is active []



[119]
Underfull \vbox (badness 10000) has occurred while \output is active []



[120]
Underfull \vbox (badness 10000) has occurred while \output is active []



[121]
Underfull \vbox (badness 10000) has occurred while \output is active []



[122]
Underfull \vbox (badness 10000) has occurred while \output is active []



[123]
Underfull \vbox (badness 10000) has occurred while \output is active []



[124]
Underfull \vbox (badness 10000) has occurred while \output is active []



[125]
Underfull \vbox (badness 10000) has occurred while \output is active []



[126]
Underfull \vbox (badness 10000) has occurred while \output is active []



[127]
Underfull \vbox (badness 10000) has occurred while \output is active []



[128]
Underfull \vbox (badness 10000) has occurred while \output is active []



[129]
Underfull \vbox (badness 10000) has occurred while \output is active []



[130]
Underfull \vbox (badness 10000) has occurred while \output is active []



[131]
Underfull \vbox (badness 10000) has occurred while \output is active []



[132]
Underfull \vbox (badness 10000) has occurred while \output is active []



[133]
Underfull \vbox (badness 10000) has occurred while \output is active []



[134]
Underfull \vbox (badness 10000) has occurred while \output is active []



[135]
Underfull \vbox (badness 10000) has occurred while \output is active []



[136]
Underfull \vbox (badness 10000) has occurred while \output is active []



[137]
Underfull \vbox (badness 10000) has occurred while \output is active []



[138]
Underfull \vbox (badness 10000) has occurred while \output is active []



[139]
Underfull \vbox (badness 10000) has occurred while \output is active []



[140]
Underfull \vbox (badness 10000) has occurred while \output is active []



[141]
Underfull \vbox (badness 10000) has occurred while \output is active []



[142]
Underfull \vbox (badness 10000) has occurred while \output is active []



[143]
Underfull \vbox (badness 10000) has occurred while \output is active []



[144]

[145]

Package hyperref Warning: Token not allowed in a PDF string (Unicode):
(hyperref)                \hskip 10.95pt
(hyperref)                replaced by space on input line 3695.


Underfull \vbox (badness 10000) has occurred while \output is active []



[146


]
Underfull \vbox (badness 10000) has occurred while \output is active []



[147]
Underfull \vbox (badness 10000) has occurred while \output is active []



[148]
Underfull \vbox (badness 10000) has occurred while \output is active []



[149]
Underfull \vbox (badness 10000) has occurred while \output is active []



[150]
Underfull \vbox (badness 10000) has occurred while \output is active []



[151]
Underfull \vbox (badness 10000) has occurred while \output is active []



[152]
Underfull \vbox (badness 10000) has occurred while \output is active []



[153]
Underfull \vbox (badness 10000) has occurred while \output is active []



[154]
Underfull \vbox (badness 10000) has occurred while \output is active []



[155]
Underfull \vbox (badness 10000) has occurred while \output is active []



[156]
Underfull \vbox (badness 10000) has occurred while \output is active []



[157]
Underfull \vbox (badness 10000) has occurred while \output is active []



[158]
Underfull \vbox (badness 10000) has occurred while \output is active []



[159]
Underfull \vbox (badness 10000) has occurred while \output is active []



[160]
Underfull \vbox (badness 10000) has occurred while \output is active []



[161]
Underfull \vbox (badness 10000) has occurred while \output is active []



[162]
Underfull \vbox (badness 10000) has occurred while \output is active []



[163]
Underfull \vbox (badness 10000) has occurred while \output is active []



[164]
Underfull \vbox (badness 10000) has occurred while \output is active []



[165]
Underfull \vbox (badness 10000) has occurred while \output is active []



[166]
Underfull \vbox (badness 10000) has occurred while \output is active []



[167]
Underfull \vbox (badness 10000) has occurred while \output is active []



[168]
Underfull \vbox (badness 10000) has occurred while \output is active []



[169]
Underfull \vbox (badness 10000) has occurred while \output is active []



[170]
Underfull \vbox (badness 10000) has occurred while \output is active []



[171]
Underfull \vbox (badness 10000) has occurred while \output is active []



[172]
Underfull \vbox (badness 10000) has occurred while \output is active []



[173]
Underfull \vbox (badness 10000) has occurred while \output is active []



[174]
Underfull \vbox (badness 10000) has occurred while \output is active []



[175]
Underfull \vbox (badness 10000) has occurred while \output is active []



[176]
Underfull \vbox (badness 10000) has occurred while \output is active []



[177]
Underfull \vbox (badness 10000) has occurred while \output is active []



[178]
Underfull \vbox (badness 10000) has occurred while \output is active []



[179]
Underfull \vbox (badness 10000) has occurred while \output is active []



[180]
Underfull \vbox (badness 10000) has occurred while \output is active []



[181]
Underfull \vbox (badness 10000) has occurred while \output is active []



[182]
Underfull \vbox (badness 10000) has occurred while \output is active []



[183]
Underfull \vbox (badness 10000) has occurred while \output is active []



[184]
Underfull \vbox (badness 10000) has occurred while \output is active []



[185]

[186]

Package hyperref Warning: Token not allowed in a PDF string (Unicode):
(hyperref)                \hskip 10.95pt
(hyperref)                replaced by space on input line 4809.


Overfull \hbox (0.21625pt too wide) in paragraph at lines 4819--4820
\T1/LinuxLibertineT-TLF/m/n/10.95 (-20) ``Frankly, Miss Taggart,'' her chief en
gineer had said, ``since it is an experiment
 []


Underfull \vbox (badness 10000) has occurred while \output is active []



[187


]
Underfull \vbox (badness 10000) has occurred while \output is active []



[188]
Underfull \vbox (badness 10000) has occurred while \output is active []



[189]
Underfull \vbox (badness 10000) has occurred while \output is active []



[190]
Underfull \vbox (badness 10000) has occurred while \output is active []



[191]
Underfull \vbox (badness 10000) has occurred while \output is active []



[192]
Underfull \vbox (badness 10000) has occurred while \output is active []



[193]
Underfull \vbox (badness 10000) has occurred while \output is active []



[194]
Underfull \vbox (badness 10000) has occurred while \output is active []



[195]
Underfull \vbox (badness 10000) has occurred while \output is active []



[196]
Underfull \vbox (badness 10000) has occurred while \output is active []



[197]
Underfull \vbox (badness 10000) has occurred while \output is active []



[198]
Underfull \vbox (badness 10000) has occurred while \output is active []



[199]
Underfull \vbox (badness 10000) has occurred while \output is active []



[200]
Underfull \vbox (badness 10000) has occurred while \output is active []



[201]
Underfull \vbox (badness 10000) has occurred while \output is active []



[202]
Underfull \vbox (badness 10000) has occurred while \output is active []



[203]
Underfull \vbox (badness 10000) has occurred while \output is active []



[204]
Underfull \vbox (badness 10000) has occurred while \output is active []



[205]
Underfull \vbox (badness 10000) has occurred while \output is active []



[206]
Underfull \vbox (badness 10000) has occurred while \output is active []



[207]
Underfull \vbox (badness 10000) has occurred while \output is active []



[208]
Underfull \vbox (badness 10000) has occurred while \output is active []



[209]
Underfull \vbox (badness 10000) has occurred while \output is active []



[210]
Underfull \vbox (badness 10000) has occurred while \output is active []



[211]
Underfull \vbox (badness 10000) has occurred while \output is active []



[212]
Underfull \vbox (badness 10000) has occurred while \output is active []



[213]
Underfull \vbox (badness 10000) has occurred while \output is active []



[214]
Underfull \vbox (badness 10000) has occurred while \output is active []



[215]
Underfull \vbox (badness 10000) has occurred while \output is active []



[216]
Underfull \vbox (badness 10000) has occurred while \output is active []



[217]
Underfull \vbox (badness 10000) has occurred while \output is active []



[218]
Underfull \vbox (badness 10000) has occurred while \output is active []



[219]
Underfull \vbox (badness 10000) has occurred while \output is active []



[220]
Underfull \vbox (badness 10000) has occurred while \output is active []



[221]
Underfull \vbox (badness 10000) has occurred while \output is active []



[222]
Underfull \vbox (badness 10000) has occurred while \output is active []



[223]
Underfull \vbox (badness 10000) has occurred while \output is active []



[224]
Underfull \vbox (badness 10000) has occurred while \output is active []



[225]
Underfull \vbox (badness 10000) has occurred while \output is active []



[226]
Underfull \vbox (badness 10000) has occurred while \output is active []



[227]
Underfull \vbox (badness 10000) has occurred while \output is active []



[228]
Underfull \vbox (badness 10000) has occurred while \output is active []



[229]
Underfull \vbox (badness 10000) has occurred while \output is active []



[230]
Underfull \vbox (badness 10000) has occurred while \output is active []



[231]
Underfull \vbox (badness 10000) has occurred while \output is active []



[232]
Underfull \vbox (badness 10000) has occurred while \output is active []



[233]
Underfull \vbox (badness 10000) has occurred while \output is active []



[234]
Underfull \vbox (badness 10000) has occurred while \output is active []



[235]
Underfull \vbox (badness 10000) has occurred while \output is active []



[236]
Underfull \vbox (badness 10000) has occurred while \output is active []



[237]
Underfull \vbox (badness 10000) has occurred while \output is active []



[238]
Underfull \vbox (badness 10000) has occurred while \output is active []



[239]
Underfull \vbox (badness 10000) has occurred while \output is active []



[240]
Underfull \vbox (badness 10000) has occurred while \output is active []



[241]
Underfull \vbox (badness 10000) has occurred while \output is active []



[242]
Underfull \vbox (badness 10000) has occurred while \output is active []



[243]
Underfull \vbox (badness 10000) has occurred while \output is active []



[244]
Underfull \vbox (badness 10000) has occurred while \output is active []



[245]
Underfull \vbox (badness 10000) has occurred while \output is active []



[246]
Underfull \vbox (badness 10000) has occurred while \output is active []



[247]
Underfull \vbox (badness 10000) has occurred while \output is active []



[248]

[249]

Package hyperref Warning: Token not allowed in a PDF string (Unicode):
(hyperref)                \hskip 10.95pt
(hyperref)                replaced by space on input line 6665.


Underfull \vbox (badness 10000) has occurred while \output is active []



[250


]
Underfull \vbox (badness 10000) has occurred while \output is active []



[251]
Underfull \vbox (badness 10000) has occurred while \output is active []



[252]
Underfull \vbox (badness 10000) has occurred while \output is active []



[253]
Underfull \vbox (badness 10000) has occurred while \output is active []



[254]
Underfull \vbox (badness 10000) has occurred while \output is active []



[255]
Underfull \vbox (badness 10000) has occurred while \output is active []



[256]
Underfull \vbox (badness 10000) has occurred while \output is active []



[257]
Underfull \vbox (badness 10000) has occurred while \output is active []



[258]
Underfull \vbox (badness 10000) has occurred while \output is active []



[259]
Underfull \vbox (badness 10000) has occurred while \output is active []



[260]
Underfull \vbox (badness 10000) has occurred while \output is active []



[261]
Underfull \vbox (badness 10000) has occurred while \output is active []



[262]
Underfull \vbox (badness 10000) has occurred while \output is active []



[263]
Underfull \vbox (badness 10000) has occurred while \output is active []



[264]
Underfull \vbox (badness 10000) has occurred while \output is active []



[265]
Underfull \vbox (badness 10000) has occurred while \output is active []



[266]
Underfull \vbox (badness 10000) has occurred while \output is active []



[267]
Underfull \vbox (badness 10000) has occurred while \output is active []



[268]
Underfull \vbox (badness 10000) has occurred while \output is active []



[269]
Underfull \vbox (badness 10000) has occurred while \output is active []



[270]
Underfull \vbox (badness 10000) has occurred while \output is active []



[271]
Underfull \vbox (badness 10000) has occurred while \output is active []



[272]
Underfull \vbox (badness 10000) has occurred while \output is active []



[273]
Underfull \vbox (badness 10000) has occurred while \output is active []



[274]
Underfull \vbox (badness 10000) has occurred while \output is active []



[275]
Underfull \vbox (badness 10000) has occurred while \output is active []



[276]
Underfull \vbox (badness 10000) has occurred while \output is active []



[277]
Underfull \vbox (badness 10000) has occurred while \output is active []



[278]
Underfull \vbox (badness 10000) has occurred while \output is active []



[279]
Underfull \vbox (badness 10000) has occurred while \output is active []



[280]
Underfull \vbox (badness 10000) has occurred while \output is active []



[281]
Underfull \vbox (badness 10000) has occurred while \output is active []



[282]
Underfull \vbox (badness 10000) has occurred while \output is active []



[283]
Underfull \vbox (badness 10000) has occurred while \output is active []



[284]
Underfull \vbox (badness 10000) has occurred while \output is active []



[285]
Underfull \vbox (badness 10000) has occurred while \output is active []



[286]
Underfull \vbox (badness 10000) has occurred while \output is active []



[287]
Underfull \vbox (badness 10000) has occurred while \output is active []



[288]
Underfull \vbox (badness 10000) has occurred while \output is active []



[289]
Underfull \vbox (badness 10000) has occurred while \output is active []



[290]
Underfull \vbox (badness 10000) has occurred while \output is active []



[291]

[292]

Package hyperref Warning: Token not allowed in a PDF string (Unicode):
(hyperref)                \hskip 10.95pt
(hyperref)                replaced by space on input line 7519.


Underfull \vbox (badness 10000) has occurred while \output is active []



[293


]
Underfull \vbox (badness 10000) has occurred while \output is active []



[294]
Underfull \vbox (badness 10000) has occurred while \output is active []



[295]
Underfull \vbox (badness 10000) has occurred while \output is active []



[296]
Underfull \vbox (badness 10000) has occurred while \output is active []



[297]
Underfull \vbox (badness 10000) has occurred while \output is active []



[298]
Underfull \vbox (badness 10000) has occurred while \output is active []



[299]
Underfull \vbox (badness 10000) has occurred while \output is active []



[300]
Underfull \vbox (badness 10000) has occurred while \output is active []



[301]
Underfull \vbox (badness 10000) has occurred while \output is active []



[302]
Underfull \vbox (badness 10000) has occurred while \output is active []



[303]
Underfull \vbox (badness 10000) has occurred while \output is active []



[304]
Underfull \vbox (badness 10000) has occurred while \output is active []



[305]
Underfull \vbox (badness 10000) has occurred while \output is active []



[306]
Underfull \vbox (badness 10000) has occurred while \output is active []



[307]
Underfull \vbox (badness 10000) has occurred while \output is active []



[308]
Underfull \vbox (badness 10000) has occurred while \output is active []



[309]
Underfull \vbox (badness 10000) has occurred while \output is active []



[310]
Underfull \vbox (badness 10000) has occurred while \output is active []



[311]
Underfull \vbox (badness 10000) has occurred while \output is active []



[312]
Underfull \vbox (badness 10000) has occurred while \output is active []



[313]
Underfull \vbox (badness 10000) has occurred while \output is active []



[314]
Underfull \vbox (badness 10000) has occurred while \output is active []



[315]
Underfull \vbox (badness 10000) has occurred while \output is active []



[316]
Underfull \vbox (badness 10000) has occurred while \output is active []



[317]
Underfull \vbox (badness 10000) has occurred while \output is active []



[318]
Underfull \vbox (badness 10000) has occurred while \output is active []



[319]
Underfull \vbox (badness 10000) has occurred while \output is active []



[320]
Underfull \vbox (badness 10000) has occurred while \output is active []



[321]
Underfull \vbox (badness 10000) has occurred while \output is active []



[322]
Underfull \vbox (badness 10000) has occurred while \output is active []



[323]
Underfull \vbox (badness 10000) has occurred while \output is active []



[324]
Underfull \vbox (badness 10000) has occurred while \output is active []



[325]
Underfull \vbox (badness 10000) has occurred while \output is active []



[326]
Underfull \vbox (badness 10000) has occurred while \output is active []



[327]
Underfull \vbox (badness 10000) has occurred while \output is active []



[328]
Underfull \vbox (badness 10000) has occurred while \output is active []



[329]
Underfull \vbox (badness 10000) has occurred while \output is active []



[330]
Underfull \vbox (badness 10000) has occurred while \output is active []



[331]
Underfull \vbox (badness 10000) has occurred while \output is active []



[332]
Underfull \vbox (badness 10000) has occurred while \output is active []



[333]
Underfull \vbox (badness 10000) has occurred while \output is active []



[334]
Underfull \vbox (badness 10000) has occurred while \output is active []



[335]
Underfull \vbox (badness 10000) has occurred while \output is active []



[336]
Underfull \vbox (badness 10000) has occurred while \output is active []



[337]

[338]

Package hyperref Warning: Token not allowed in a PDF string (Unicode):
(hyperref)                \hskip 10.95pt
(hyperref)                replaced by space on input line 8735.


Underfull \vbox (badness 10000) has occurred while \output is active []



[339


]
Underfull \vbox (badness 10000) has occurred while \output is active []



[340]
Underfull \vbox (badness 10000) has occurred while \output is active []



[341]
Underfull \vbox (badness 10000) has occurred while \output is active []



[342]
Underfull \vbox (badness 10000) has occurred while \output is active []



[343]
Underfull \vbox (badness 10000) has occurred while \output is active []



[344]
Underfull \vbox (badness 10000) has occurred while \output is active []



[345]
Underfull \vbox (badness 10000) has occurred while \output is active []



[346]
Underfull \vbox (badness 10000) has occurred while \output is active []



[347]
Underfull \vbox (badness 10000) has occurred while \output is active []



[348]
Underfull \vbox (badness 10000) has occurred while \output is active []



[349]
Underfull \vbox (badness 10000) has occurred while \output is active []



[350]
Underfull \vbox (badness 10000) has occurred while \output is active []



[351]
Underfull \vbox (badness 10000) has occurred while \output is active []



[352]
Overfull \hbox (0.17891pt too wide) in paragraph at lines 9107--9108
\T1/LinuxLibertineT-TLF/m/n/10.95 (-20) leisurely manner across the room, past 
his bed, and sat down in an armchair---
 []


Underfull \vbox (badness 10000) has occurred while \output is active []



[353]
Underfull \vbox (badness 10000) has occurred while \output is active []



[354]
Underfull \vbox (badness 10000) has occurred while \output is active []



[355]
Underfull \vbox (badness 10000) has occurred while \output is active []



[356]
Underfull \vbox (badness 10000) has occurred while \output is active []



[357]
Underfull \vbox (badness 10000) has occurred while \output is active []



[358]
Underfull \vbox (badness 10000) has occurred while \output is active []



[359]
Underfull \vbox (badness 10000) has occurred while \output is active []



[360]
Underfull \vbox (badness 10000) has occurred while \output is active []



[361]
Underfull \vbox (badness 10000) has occurred while \output is active []



[362]
Underfull \vbox (badness 10000) has occurred while \output is active []



[363]
Underfull \vbox (badness 10000) has occurred while \output is active []



[364]
Underfull \vbox (badness 10000) has occurred while \output is active []



[365]
Underfull \vbox (badness 10000) has occurred while \output is active []



[366]
Underfull \vbox (badness 10000) has occurred while \output is active []



[367]
Underfull \vbox (badness 10000) has occurred while \output is active []



[368]
Underfull \vbox (badness 10000) has occurred while \output is active []



[369]
Underfull \vbox (badness 10000) has occurred while \output is active []



[370]
Underfull \vbox (badness 10000) has occurred while \output is active []



[371]
Underfull \vbox (badness 10000) has occurred while \output is active []



[372]
Underfull \vbox (badness 10000) has occurred while \output is active []



[373]
Underfull \vbox (badness 10000) has occurred while \output is active []



[374]
Underfull \vbox (badness 10000) has occurred while \output is active []



[375]
Underfull \vbox (badness 10000) has occurred while \output is active []



[376]
Underfull \vbox (badness 10000) has occurred while \output is active []



[377]
Underfull \vbox (badness 10000) has occurred while \output is active []



[378]
Underfull \vbox (badness 10000) has occurred while \output is active []



[379]
Underfull \vbox (badness 10000) has occurred while \output is active []



[380]
Underfull \vbox (badness 10000) has occurred while \output is active []



[381]
Underfull \vbox (badness 10000) has occurred while \output is active []



[382]
Underfull \vbox (badness 10000) has occurred while \output is active []



[383]
Underfull \vbox (badness 10000) has occurred while \output is active []



[384]
Underfull \vbox (badness 10000) has occurred while \output is active []



[385]
Underfull \vbox (badness 10000) has occurred while \output is active []



[386]
Underfull \vbox (badness 10000) has occurred while \output is active []



[387]
Underfull \vbox (badness 10000) has occurred while \output is active []



[388]
Underfull \vbox (badness 10000) has occurred while \output is active []



[389]

[390]

[391

]

Package hyperref Warning: Token not allowed in a PDF string (Unicode):
(hyperref)                \hskip 10.95pt
(hyperref)                replaced by space on input line 9977.


Underfull \vbox (badness 10000) has occurred while \output is active []



[392



]
Underfull \vbox (badness 10000) has occurred while \output is active []



[393]
Underfull \vbox (badness 10000) has occurred while \output is active []



[394]
Underfull \vbox (badness 10000) has occurred while \output is active []



[395]
Underfull \vbox (badness 10000) has occurred while \output is active []



[396]
Underfull \vbox (badness 10000) has occurred while \output is active []



[397]
Underfull \vbox (badness 10000) has occurred while \output is active []



[398]
Underfull \vbox (badness 10000) has occurred while \output is active []



[399]
Underfull \vbox (badness 10000) has occurred while \output is active []



[400]
Underfull \vbox (badness 10000) has occurred while \output is active []



[401]
Underfull \vbox (badness 10000) has occurred while \output is active []



[402]
Underfull \vbox (badness 10000) has occurred while \output is active []



[403]
Underfull \vbox (badness 10000) has occurred while \output is active []



[404]
Underfull \vbox (badness 10000) has occurred while \output is active []



[405]
Underfull \vbox (badness 10000) has occurred while \output is active []



[406]
Underfull \vbox (badness 10000) has occurred while \output is active []



[407]
Underfull \vbox (badness 10000) has occurred while \output is active []



[408]
Underfull \vbox (badness 10000) has occurred while \output is active []



[409]
Underfull \vbox (badness 10000) has occurred while \output is active []



[410]
Underfull \vbox (badness 10000) has occurred while \output is active []



[411]
Underfull \vbox (badness 10000) has occurred while \output is active []



[412]
Underfull \vbox (badness 10000) has occurred while \output is active []



[413]
Underfull \vbox (badness 10000) has occurred while \output is active []



[414]
Underfull \vbox (badness 10000) has occurred while \output is active []



[415]
Underfull \vbox (badness 10000) has occurred while \output is active []



[416]
Underfull \vbox (badness 10000) has occurred while \output is active []



[417]
Underfull \vbox (badness 10000) has occurred while \output is active []



[418]
Underfull \vbox (badness 10000) has occurred while \output is active []



[419]
Underfull \vbox (badness 10000) has occurred while \output is active []



[420]
Underfull \vbox (badness 10000) has occurred while \output is active []



[421]
Underfull \vbox (badness 10000) has occurred while \output is active []



[422]
Underfull \vbox (badness 10000) has occurred while \output is active []



[423]
Underfull \vbox (badness 10000) has occurred while \output is active []



[424]
Underfull \vbox (badness 10000) has occurred while \output is active []



[425]
Underfull \vbox (badness 10000) has occurred while \output is active []



[426]
Underfull \vbox (badness 10000) has occurred while \output is active []



[427]
Underfull \vbox (badness 10000) has occurred while \output is active []



[428]
Underfull \vbox (badness 10000) has occurred while \output is active []



[429]
Underfull \vbox (badness 10000) has occurred while \output is active []



[430]
Underfull \vbox (badness 10000) has occurred while \output is active []



[431]
Underfull \vbox (badness 10000) has occurred while \output is active []



[432]
Underfull \vbox (badness 10000) has occurred while \output is active []



[433]
Underfull \vbox (badness 10000) has occurred while \output is active []



[434]
Underfull \vbox (badness 10000) has occurred while \output is active []



[435]
Underfull \vbox (badness 10000) has occurred while \output is active []



[436]
Underfull \vbox (badness 10000) has occurred while \output is active []



[437]

[438]

Package hyperref Warning: Token not allowed in a PDF string (Unicode):
(hyperref)                \hskip 10.95pt
(hyperref)                replaced by space on input line 10985.


Underfull \vbox (badness 10000) has occurred while \output is active []



[439


]
Underfull \vbox (badness 10000) has occurred while \output is active []



[440]
Underfull \vbox (badness 10000) has occurred while \output is active []



[441]
Underfull \vbox (badness 10000) has occurred while \output is active []



[442]
Underfull \vbox (badness 10000) has occurred while \output is active []



[443]
Underfull \vbox (badness 10000) has occurred while \output is active []



[444]
Underfull \vbox (badness 10000) has occurred while \output is active []



[445]
Underfull \vbox (badness 10000) has occurred while \output is active []



[446]
Underfull \vbox (badness 10000) has occurred while \output is active []



[447]
Underfull \vbox (badness 10000) has occurred while \output is active []



[448]
Underfull \vbox (badness 10000) has occurred while \output is active []



[449]
Underfull \vbox (badness 10000) has occurred while \output is active []



[450]
Underfull \vbox (badness 10000) has occurred while \output is active []



[451]
Underfull \vbox (badness 10000) has occurred while \output is active []



[452]
Underfull \vbox (badness 10000) has occurred while \output is active []



[453]
Underfull \vbox (badness 10000) has occurred while \output is active []



[454]
Underfull \vbox (badness 10000) has occurred while \output is active []



[455]
Underfull \vbox (badness 10000) has occurred while \output is active []



[456]
Underfull \vbox (badness 10000) has occurred while \output is active []



[457]
Underfull \vbox (badness 10000) has occurred while \output is active []



[458]
Underfull \vbox (badness 10000) has occurred while \output is active []



[459]
Underfull \vbox (badness 10000) has occurred while \output is active []



[460]
Underfull \vbox (badness 10000) has occurred while \output is active []



[461]
Underfull \hbox (badness 1590) in paragraph at lines 11411--11412
[]\T1/LinuxLibertineT-TLF/m/n/10.95 (+20) She laughed. ``Essentially---the same
 as yours, Jim. But speak-ing
 []


Underfull \vbox (badness 10000) has occurred while \output is active []



[462]
Underfull \vbox (badness 10000) has occurred while \output is active []



[463]
Underfull \vbox (badness 10000) has occurred while \output is active []



[464]
Underfull \vbox (badness 10000) has occurred while \output is active []



[465]
Underfull \vbox (badness 10000) has occurred while \output is active []



[466]
Underfull \vbox (badness 10000) has occurred while \output is active []



[467]
Underfull \vbox (badness 10000) has occurred while \output is active []



[468]
Underfull \vbox (badness 10000) has occurred while \output is active []



[469]
Underfull \hbox (badness 1038) in paragraph at lines 11659--11660
[]\T1/LinuxLibertineT-TLF/m/n/10.95 (+20) Taggart said dryly, frown-ing, ``Ther
e are many reasons---business
 []


Underfull \vbox (badness 10000) has occurred while \output is active []



[470]
Underfull \vbox (badness 10000) has occurred while \output is active []



[471]
Underfull \vbox (badness 10000) has occurred while \output is active []



[472]
Underfull \vbox (badness 10000) has occurred while \output is active []



[473]
Underfull \vbox (badness 10000) has occurred while \output is active []



[474]
Underfull \vbox (badness 10000) has occurred while \output is active []



[475]
Underfull \vbox (badness 10000) has occurred while \output is active []



[476]
Underfull \vbox (badness 10000) has occurred while \output is active []



[477]
Underfull \vbox (badness 10000) has occurred while \output is active []



[478]
Underfull \vbox (badness 10000) has occurred while \output is active []



[479]
Underfull \vbox (badness 10000) has occurred while \output is active []



[480]
Underfull \vbox (badness 10000) has occurred while \output is active []



[481]
Underfull \vbox (badness 10000) has occurred while \output is active []



[482]
Underfull \vbox (badness 10000) has occurred while \output is active []



[483]
Underfull \vbox (badness 10000) has occurred while \output is active []



[484]
Underfull \vbox (badness 10000) has occurred while \output is active []



[485]
Underfull \vbox (badness 10000) has occurred while \output is active []



[486]
Underfull \vbox (badness 10000) has occurred while \output is active []



[487]
Underfull \vbox (badness 10000) has occurred while \output is active []



[488]

[489]

Package hyperref Warning: Token not allowed in a PDF string (Unicode):
(hyperref)                \hskip 10.95pt
(hyperref)                replaced by space on input line 12081.


Underfull \vbox (badness 10000) has occurred while \output is active []



[490


]
Underfull \vbox (badness 10000) has occurred while \output is active []



[491]
Underfull \vbox (badness 10000) has occurred while \output is active []



[492]
Underfull \vbox (badness 10000) has occurred while \output is active []



[493]
Underfull \vbox (badness 10000) has occurred while \output is active []



[494]
Underfull \vbox (badness 10000) has occurred while \output is active []



[495]
Underfull \vbox (badness 10000) has occurred while \output is active []



[496]
Underfull \vbox (badness 10000) has occurred while \output is active []



[497]
Underfull \vbox (badness 10000) has occurred while \output is active []



[498]
Underfull \vbox (badness 10000) has occurred while \output is active []



[499]
Underfull \vbox (badness 10000) has occurred while \output is active []



[500]
Underfull \vbox (badness 10000) has occurred while \output is active []



[501]
Underfull \vbox (badness 10000) has occurred while \output is active []



[502]
Underfull \vbox (badness 10000) has occurred while \output is active []



[503]
Underfull \vbox (badness 10000) has occurred while \output is active []



[504]
Underfull \vbox (badness 10000) has occurred while \output is active []



[505]
Underfull \vbox (badness 10000) has occurred while \output is active []



[506]
Underfull \vbox (badness 10000) has occurred while \output is active []



[507]
Underfull \vbox (badness 10000) has occurred while \output is active []



[508]
Underfull \vbox (badness 10000) has occurred while \output is active []



[509]
Underfull \vbox (badness 10000) has occurred while \output is active []



[510]
Underfull \vbox (badness 10000) has occurred while \output is active []



[511]
Underfull \vbox (badness 10000) has occurred while \output is active []



[512]
Underfull \vbox (badness 10000) has occurred while \output is active []



[513]
Underfull \vbox (badness 10000) has occurred while \output is active []



[514]
Underfull \vbox (badness 10000) has occurred while \output is active []



[515]
Underfull \vbox (badness 10000) has occurred while \output is active []



[516]
Underfull \vbox (badness 10000) has occurred while \output is active []



[517]
Underfull \vbox (badness 10000) has occurred while \output is active []



[518]
Underfull \vbox (badness 10000) has occurred while \output is active []



[519]
Underfull \vbox (badness 10000) has occurred while \output is active []



[520]
Underfull \vbox (badness 10000) has occurred while \output is active []



[521]
Underfull \vbox (badness 10000) has occurred while \output is active []



[522]
Underfull \vbox (badness 10000) has occurred while \output is active []



[523]
Underfull \vbox (badness 10000) has occurred while \output is active []



[524]
Underfull \vbox (badness 10000) has occurred while \output is active []



[525]
Underfull \vbox (badness 10000) has occurred while \output is active []



[526]
Underfull \vbox (badness 10000) has occurred while \output is active []



[527]
Underfull \vbox (badness 10000) has occurred while \output is active []



[528]
Underfull \vbox (badness 10000) has occurred while \output is active []



[529]
Underfull \vbox (badness 10000) has occurred while \output is active []



[530]
Underfull \vbox (badness 10000) has occurred while \output is active []



[531]
Underfull \vbox (badness 10000) has occurred while \output is active []



[532]
Underfull \vbox (badness 10000) has occurred while \output is active []



[533]

[534]

Package hyperref Warning: Token not allowed in a PDF string (Unicode):
(hyperref)                \hskip 10.95pt
(hyperref)                replaced by space on input line 13185.


Underfull \vbox (badness 10000) has occurred while \output is active []



[535


]
Underfull \vbox (badness 10000) has occurred while \output is active []



[536]
Underfull \vbox (badness 10000) has occurred while \output is active []



[537]
Underfull \vbox (badness 10000) has occurred while \output is active []



[538]
Underfull \vbox (badness 10000) has occurred while \output is active []



[539]
Underfull \vbox (badness 10000) has occurred while \output is active []



[540]
Underfull \vbox (badness 10000) has occurred while \output is active []



[541]
Underfull \vbox (badness 10000) has occurred while \output is active []



[542]
Underfull \vbox (badness 10000) has occurred while \output is active []



[543]
Underfull \vbox (badness 10000) has occurred while \output is active []



[544]
Underfull \vbox (badness 10000) has occurred while \output is active []



[545]
Underfull \vbox (badness 10000) has occurred while \output is active []



[546]
Underfull \vbox (badness 10000) has occurred while \output is active []



[547]
Underfull \vbox (badness 10000) has occurred while \output is active []



[548]
Underfull \vbox (badness 10000) has occurred while \output is active []



[549]
Underfull \vbox (badness 10000) has occurred while \output is active []



[550]
Underfull \vbox (badness 10000) has occurred while \output is active []



[551]
Underfull \vbox (badness 10000) has occurred while \output is active []



[552]
Underfull \vbox (badness 10000) has occurred while \output is active []



[553]
Underfull \vbox (badness 10000) has occurred while \output is active []



[554]
Underfull \vbox (badness 10000) has occurred while \output is active []



[555]
Underfull \vbox (badness 10000) has occurred while \output is active []



[556]
Underfull \vbox (badness 10000) has occurred while \output is active []



[557]
Underfull \vbox (badness 10000) has occurred while \output is active []



[558]
Underfull \vbox (badness 10000) has occurred while \output is active []



[559]
Underfull \vbox (badness 10000) has occurred while \output is active []



[560]
Underfull \vbox (badness 10000) has occurred while \output is active []



[561]
Underfull \vbox (badness 10000) has occurred while \output is active []



[562]
Underfull \vbox (badness 10000) has occurred while \output is active []



[563]
Underfull \vbox (badness 10000) has occurred while \output is active []



[564]
Underfull \vbox (badness 10000) has occurred while \output is active []



[565]
Underfull \vbox (badness 10000) has occurred while \output is active []



[566]
Underfull \vbox (badness 10000) has occurred while \output is active []



[567]
Underfull \vbox (badness 10000) has occurred while \output is active []



[568]
Underfull \vbox (badness 10000) has occurred while \output is active []



[569]
Underfull \vbox (badness 10000) has occurred while \output is active []



[570]
Underfull \vbox (badness 10000) has occurred while \output is active []



[571]
Underfull \vbox (badness 10000) has occurred while \output is active []



[572]
Underfull \vbox (badness 10000) has occurred while \output is active []



[573]
Underfull \vbox (badness 10000) has occurred while \output is active []



[574]

[575]

Package hyperref Warning: Token not allowed in a PDF string (Unicode):
(hyperref)                \hskip 10.95pt
(hyperref)                replaced by space on input line 14171.


Underfull \vbox (badness 10000) has occurred while \output is active []



[576


]
Underfull \vbox (badness 10000) has occurred while \output is active []



[577]
Underfull \vbox (badness 10000) has occurred while \output is active []



[578]
Underfull \vbox (badness 10000) has occurred while \output is active []



[579]
Underfull \vbox (badness 10000) has occurred while \output is active []



[580]
Underfull \vbox (badness 10000) has occurred while \output is active []



[581]
Underfull \vbox (badness 10000) has occurred while \output is active []



[582]
Underfull \vbox (badness 10000) has occurred while \output is active []



[583]
Underfull \vbox (badness 10000) has occurred while \output is active []



[584]
Underfull \vbox (badness 10000) has occurred while \output is active []



[585]
Underfull \vbox (badness 10000) has occurred while \output is active []



[586]
Underfull \vbox (badness 10000) has occurred while \output is active []



[587]
Underfull \vbox (badness 10000) has occurred while \output is active []



[588]
Underfull \vbox (badness 10000) has occurred while \output is active []



[589]
Underfull \vbox (badness 10000) has occurred while \output is active []



[590]
Underfull \vbox (badness 10000) has occurred while \output is active []



[591]
Underfull \vbox (badness 10000) has occurred while \output is active []



[592]
Underfull \vbox (badness 10000) has occurred while \output is active []



[593]
Underfull \vbox (badness 10000) has occurred while \output is active []



[594]
Underfull \vbox (badness 10000) has occurred while \output is active []



[595]
Underfull \vbox (badness 10000) has occurred while \output is active []



[596]
Underfull \vbox (badness 10000) has occurred while \output is active []



[597]
Underfull \vbox (badness 10000) has occurred while \output is active []



[598]
Underfull \vbox (badness 10000) has occurred while \output is active []



[599]
Underfull \vbox (badness 10000) has occurred while \output is active []



[600]
Underfull \vbox (badness 10000) has occurred while \output is active []



[601]
Underfull \vbox (badness 10000) has occurred while \output is active []



[602]
Underfull \vbox (badness 10000) has occurred while \output is active []



[603]
Underfull \vbox (badness 10000) has occurred while \output is active []



[604]
Underfull \vbox (badness 10000) has occurred while \output is active []



[605]
Underfull \vbox (badness 10000) has occurred while \output is active []



[606]
Underfull \vbox (badness 10000) has occurred while \output is active []



[607]
Underfull \vbox (badness 10000) has occurred while \output is active []



[608]
Underfull \vbox (badness 10000) has occurred while \output is active []



[609]
Underfull \vbox (badness 10000) has occurred while \output is active []



[610]
Underfull \vbox (badness 10000) has occurred while \output is active []



[611]
Underfull \vbox (badness 10000) has occurred while \output is active []



[612]
Underfull \vbox (badness 10000) has occurred while \output is active []



[613]
Underfull \vbox (badness 10000) has occurred while \output is active []



[614]
Underfull \vbox (badness 10000) has occurred while \output is active []



[615]
Underfull \vbox (badness 10000) has occurred while \output is active []



[616]

[617]

Package hyperref Warning: Token not allowed in a PDF string (Unicode):
(hyperref)                \hskip 10.95pt
(hyperref)                replaced by space on input line 15091.


Underfull \vbox (badness 10000) has occurred while \output is active []



[618


]
Underfull \vbox (badness 10000) has occurred while \output is active []



[619]
Underfull \vbox (badness 10000) has occurred while \output is active []



[620]
Underfull \vbox (badness 10000) has occurred while \output is active []



[621]
Underfull \vbox (badness 10000) has occurred while \output is active []



[622]
Underfull \vbox (badness 10000) has occurred while \output is active []



[623]
Underfull \vbox (badness 10000) has occurred while \output is active []



[624]
Underfull \vbox (badness 10000) has occurred while \output is active []



[625]
Underfull \vbox (badness 10000) has occurred while \output is active []



[626]
Underfull \vbox (badness 10000) has occurred while \output is active []



[627]
Underfull \vbox (badness 10000) has occurred while \output is active []



[628]
Underfull \vbox (badness 10000) has occurred while \output is active []



[629]
Underfull \vbox (badness 10000) has occurred while \output is active []



[630]
Underfull \vbox (badness 10000) has occurred while \output is active []



[631]
Underfull \vbox (badness 10000) has occurred while \output is active []



[632]
Underfull \vbox (badness 10000) has occurred while \output is active []



[633]
Underfull \vbox (badness 10000) has occurred while \output is active []



[634]
Underfull \vbox (badness 10000) has occurred while \output is active []



[635]
Underfull \vbox (badness 10000) has occurred while \output is active []



[636]
Underfull \vbox (badness 10000) has occurred while \output is active []



[637]
Underfull \vbox (badness 10000) has occurred while \output is active []



[638]
Underfull \vbox (badness 10000) has occurred while \output is active []



[639]
Underfull \vbox (badness 10000) has occurred while \output is active []



[640]
Underfull \vbox (badness 10000) has occurred while \output is active []



[641]
Overfull \hbox (1.02869pt too wide) in paragraph at lines 15647--15648
\T1/LinuxLibertineT-TLF/m/n/10.95 (-20) over and to decide. If you want to foll
ow me, I'll be at the lodge in Woodstock.''
 []


Underfull \vbox (badness 10000) has occurred while \output is active []



[642]
Underfull \vbox (badness 10000) has occurred while \output is active []



[643]
Underfull \vbox (badness 10000) has occurred while \output is active []



[644]
Underfull \vbox (badness 10000) has occurred while \output is active []



[645]
Underfull \vbox (badness 10000) has occurred while \output is active []



[646]
Underfull \vbox (badness 10000) has occurred while \output is active []



[647]
Underfull \vbox (badness 10000) has occurred while \output is active []



[648]
Underfull \vbox (badness 10000) has occurred while \output is active []



[649]
Underfull \vbox (badness 10000) has occurred while \output is active []



[650]
Underfull \vbox (badness 10000) has occurred while \output is active []



[651]
Underfull \vbox (badness 10000) has occurred while \output is active []



[652]
Underfull \vbox (badness 10000) has occurred while \output is active []



[653]
Underfull \vbox (badness 10000) has occurred while \output is active []



[654]
Underfull \vbox (badness 10000) has occurred while \output is active []



[655]
Underfull \vbox (badness 10000) has occurred while \output is active []



[656]
Underfull \vbox (badness 10000) has occurred while \output is active []



[657]

[658]

Package hyperref Warning: Token not allowed in a PDF string (Unicode):
(hyperref)                \hskip 10.95pt
(hyperref)                replaced by space on input line 15961.


Underfull \vbox (badness 10000) has occurred while \output is active []



[659


]
Underfull \vbox (badness 10000) has occurred while \output is active []



[660]
Underfull \vbox (badness 10000) has occurred while \output is active []



[661]
Underfull \vbox (badness 10000) has occurred while \output is active []



[662]
Underfull \vbox (badness 10000) has occurred while \output is active []



[663]
Underfull \vbox (badness 10000) has occurred while \output is active []



[664]
Underfull \vbox (badness 10000) has occurred while \output is active []



[665]
Underfull \vbox (badness 10000) has occurred while \output is active []



[666]
Underfull \vbox (badness 10000) has occurred while \output is active []



[667]
Underfull \vbox (badness 10000) has occurred while \output is active []



[668]
Underfull \vbox (badness 10000) has occurred while \output is active []



[669]
Underfull \vbox (badness 10000) has occurred while \output is active []



[670]
Underfull \vbox (badness 10000) has occurred while \output is active []



[671]
Underfull \vbox (badness 10000) has occurred while \output is active []



[672]
Underfull \vbox (badness 10000) has occurred while \output is active []



[673]
Underfull \vbox (badness 10000) has occurred while \output is active []



[674]
Underfull \vbox (badness 10000) has occurred while \output is active []



[675]
Underfull \vbox (badness 10000) has occurred while \output is active []



[676]
Underfull \vbox (badness 10000) has occurred while \output is active []



[677]
Underfull \vbox (badness 10000) has occurred while \output is active []



[678]
Underfull \vbox (badness 10000) has occurred while \output is active []



[679]
Underfull \vbox (badness 10000) has occurred while \output is active []



[680]
Underfull \vbox (badness 10000) has occurred while \output is active []



[681]
Underfull \vbox (badness 10000) has occurred while \output is active []



[682]
Underfull \vbox (badness 10000) has occurred while \output is active []



[683]
Underfull \vbox (badness 10000) has occurred while \output is active []



[684]
Underfull \vbox (badness 10000) has occurred while \output is active []



[685]
Underfull \vbox (badness 10000) has occurred while \output is active []



[686]
Underfull \vbox (badness 10000) has occurred while \output is active []



[687]
Underfull \vbox (badness 10000) has occurred while \output is active []



[688]
Underfull \vbox (badness 10000) has occurred while \output is active []



[689]
Underfull \vbox (badness 10000) has occurred while \output is active []



[690]
Underfull \vbox (badness 10000) has occurred while \output is active []



[691]
Underfull \vbox (badness 10000) has occurred while \output is active []



[692]
Underfull \vbox (badness 10000) has occurred while \output is active []



[693]
Underfull \vbox (badness 10000) has occurred while \output is active []



[694]
Underfull \vbox (badness 10000) has occurred while \output is active []



[695]
Underfull \vbox (badness 10000) has occurred while \output is active []



[696]
Underfull \vbox (badness 10000) has occurred while \output is active []



[697]
Underfull \vbox (badness 10000) has occurred while \output is active []



[698]
Underfull \vbox (badness 10000) has occurred while \output is active []



[699]
Underfull \vbox (badness 10000) has occurred while \output is active []



[700]
Underfull \vbox (badness 10000) has occurred while \output is active []



[701]
Underfull \vbox (badness 10000) has occurred while \output is active []



[702]
Underfull \vbox (badness 10000) has occurred while \output is active []



[703]
Underfull \vbox (badness 10000) has occurred while \output is active []



[704]

[705]

Package hyperref Warning: Token not allowed in a PDF string (Unicode):
(hyperref)                \hskip 10.95pt
(hyperref)                replaced by space on input line 16963.


Underfull \vbox (badness 10000) has occurred while \output is active []



[706


]
Underfull \vbox (badness 10000) has occurred while \output is active []



[707]
Underfull \vbox (badness 10000) has occurred while \output is active []



[708]
Underfull \vbox (badness 10000) has occurred while \output is active []



[709]
Underfull \vbox (badness 10000) has occurred while \output is active []



[710]
Underfull \vbox (badness 10000) has occurred while \output is active []



[711]
Underfull \vbox (badness 10000) has occurred while \output is active []



[712]
Underfull \vbox (badness 10000) has occurred while \output is active []



[713]
Underfull \vbox (badness 10000) has occurred while \output is active []



[714]
Underfull \vbox (badness 10000) has occurred while \output is active []



[715]
Underfull \vbox (badness 10000) has occurred while \output is active []



[716]
Underfull \vbox (badness 10000) has occurred while \output is active []



[717]
Underfull \vbox (badness 10000) has occurred while \output is active []



[718]
Underfull \vbox (badness 10000) has occurred while \output is active []



[719]
Underfull \vbox (badness 10000) has occurred while \output is active []



[720]
Underfull \vbox (badness 10000) has occurred while \output is active []



[721]
Underfull \vbox (badness 10000) has occurred while \output is active []



[722]
Underfull \vbox (badness 10000) has occurred while \output is active []



[723]
Underfull \vbox (badness 10000) has occurred while \output is active []



[724]
Underfull \vbox (badness 10000) has occurred while \output is active []



[725]
Underfull \vbox (badness 10000) has occurred while \output is active []



[726]
Underfull \vbox (badness 10000) has occurred while \output is active []



[727]
Underfull \vbox (badness 10000) has occurred while \output is active []



[728]
Underfull \vbox (badness 10000) has occurred while \output is active []



[729]
Underfull \vbox (badness 10000) has occurred while \output is active []



[730]
Underfull \vbox (badness 10000) has occurred while \output is active []



[731]
Underfull \vbox (badness 10000) has occurred while \output is active []



[732]
Underfull \vbox (badness 10000) has occurred while \output is active []



[733]

[734]

Package hyperref Warning: Token not allowed in a PDF string (Unicode):
(hyperref)                \hskip 10.95pt
(hyperref)                replaced by space on input line 17535.


Underfull \vbox (badness 10000) has occurred while \output is active []



[735


]
Underfull \vbox (badness 10000) has occurred while \output is active []



[736]
Underfull \vbox (badness 10000) has occurred while \output is active []



[737]
Underfull \vbox (badness 10000) has occurred while \output is active []



[738]
Underfull \vbox (badness 10000) has occurred while \output is active []



[739]
Underfull \vbox (badness 10000) has occurred while \output is active []



[740]
Underfull \vbox (badness 10000) has occurred while \output is active []



[741]
Underfull \vbox (badness 10000) has occurred while \output is active []



[742]
Underfull \vbox (badness 10000) has occurred while \output is active []



[743]
Underfull \vbox (badness 10000) has occurred while \output is active []



[744]
Underfull \vbox (badness 10000) has occurred while \output is active []



[745]
Underfull \vbox (badness 10000) has occurred while \output is active []



[746]
Underfull \vbox (badness 10000) has occurred while \output is active []



[747]
Underfull \vbox (badness 10000) has occurred while \output is active []



[748]
Underfull \vbox (badness 10000) has occurred while \output is active []



[749]
Underfull \vbox (badness 10000) has occurred while \output is active []



[750]
Underfull \vbox (badness 10000) has occurred while \output is active []



[751]
Underfull \vbox (badness 10000) has occurred while \output is active []



[752]
Underfull \vbox (badness 10000) has occurred while \output is active []



[753]
Underfull \vbox (badness 10000) has occurred while \output is active []



[754]
Underfull \vbox (badness 10000) has occurred while \output is active []



[755]
Underfull \vbox (badness 10000) has occurred while \output is active []



[756]
Underfull \vbox (badness 10000) has occurred while \output is active []



[757]
Underfull \vbox (badness 10000) has occurred while \output is active []



[758]

[759]

Package hyperref Warning: Token not allowed in a PDF string (Unicode):
(hyperref)                \hskip 10.95pt
(hyperref)                replaced by space on input line 18151.


Underfull \vbox (badness 10000) has occurred while \output is active []



[760


]
Underfull \vbox (badness 10000) has occurred while \output is active []



[761]
Underfull \vbox (badness 10000) has occurred while \output is active []



[762]
Underfull \vbox (badness 10000) has occurred while \output is active []



[763]
Underfull \vbox (badness 10000) has occurred while \output is active []



[764]
Underfull \vbox (badness 10000) has occurred while \output is active []



[765]
Underfull \vbox (badness 10000) has occurred while \output is active []



[766]
Underfull \vbox (badness 10000) has occurred while \output is active []



[767]
Underfull \vbox (badness 10000) has occurred while \output is active []



[768]
Underfull \vbox (badness 10000) has occurred while \output is active []



[769]
Underfull \vbox (badness 10000) has occurred while \output is active []



[770]
Underfull \vbox (badness 10000) has occurred while \output is active []



[771]
Underfull \vbox (badness 10000) has occurred while \output is active []



[772]
Underfull \vbox (badness 10000) has occurred while \output is active []



[773]
Underfull \vbox (badness 10000) has occurred while \output is active []



[774]
Underfull \vbox (badness 10000) has occurred while \output is active []



[775]
Underfull \vbox (badness 10000) has occurred while \output is active []



[776]
Underfull \vbox (badness 10000) has occurred while \output is active []



[777]
Underfull \vbox (badness 10000) has occurred while \output is active []



[778]
Underfull \vbox (badness 10000) has occurred while \output is active []



[779]
Underfull \vbox (badness 10000) has occurred while \output is active []



[780]
Underfull \vbox (badness 10000) has occurred while \output is active []



[781]
Underfull \vbox (badness 10000) has occurred while \output is active []



[782]
Underfull \vbox (badness 10000) has occurred while \output is active []



[783]
Underfull \vbox (badness 10000) has occurred while \output is active []



[784]
Underfull \vbox (badness 10000) has occurred while \output is active []



[785]
Underfull \vbox (badness 10000) has occurred while \output is active []



[786]
Underfull \vbox (badness 10000) has occurred while \output is active []



[787]
Underfull \vbox (badness 10000) has occurred while \output is active []



[788]
Underfull \vbox (badness 10000) has occurred while \output is active []



[789]
Underfull \vbox (badness 10000) has occurred while \output is active []



[790]
Underfull \vbox (badness 10000) has occurred while \output is active []



[791]
Underfull \vbox (badness 10000) has occurred while \output is active []



[792]
Underfull \vbox (badness 10000) has occurred while \output is active []



[793]
Underfull \vbox (badness 10000) has occurred while \output is active []



[794]
Underfull \vbox (badness 10000) has occurred while \output is active []



[795]
Underfull \vbox (badness 10000) has occurred while \output is active []



[796]
Underfull \vbox (badness 10000) has occurred while \output is active []



[797]
Underfull \vbox (badness 10000) has occurred while \output is active []



[798]
Underfull \vbox (badness 10000) has occurred while \output is active []



[799]
Underfull \vbox (badness 10000) has occurred while \output is active []



[800]
Underfull \vbox (badness 10000) has occurred while \output is active []



[801]
Underfull \vbox (badness 10000) has occurred while \output is active []



[802]
Underfull \vbox (badness 10000) has occurred while \output is active []



[803]
Underfull \vbox (badness 10000) has occurred while \output is active []



[804]
Underfull \vbox (badness 10000) has occurred while \output is active []



[805]
Underfull \vbox (badness 10000) has occurred while \output is active []



[806]
Underfull \vbox (badness 10000) has occurred while \output is active []



[807]
Underfull \vbox (badness 10000) has occurred while \output is active []



[808]
Underfull \vbox (badness 10000) has occurred while \output is active []



[809]

[810]

[811

]

Package hyperref Warning: Token not allowed in a PDF string (Unicode):
(hyperref)                \hskip 10.95pt
(hyperref)                replaced by space on input line 19241.


Underfull \vbox (badness 10000) has occurred while \output is active []



[812



]
Underfull \vbox (badness 10000) has occurred while \output is active []



[813]
Underfull \vbox (badness 10000) has occurred while \output is active []



[814]
Underfull \vbox (badness 10000) has occurred while \output is active []



[815]
Underfull \vbox (badness 10000) has occurred while \output is active []



[816]
Underfull \vbox (badness 10000) has occurred while \output is active []



[817]
Underfull \vbox (badness 10000) has occurred while \output is active []



[818]
Underfull \vbox (badness 10000) has occurred while \output is active []



[819]
Underfull \vbox (badness 10000) has occurred while \output is active []



[820]
Underfull \vbox (badness 10000) has occurred while \output is active []



[821]
Underfull \vbox (badness 10000) has occurred while \output is active []



[822]
Underfull \vbox (badness 10000) has occurred while \output is active []



[823]
Underfull \vbox (badness 10000) has occurred while \output is active []



[824]
Underfull \vbox (badness 10000) has occurred while \output is active []



[825]
Underfull \vbox (badness 10000) has occurred while \output is active []



[826]
Underfull \vbox (badness 10000) has occurred while \output is active []



[827]
Underfull \vbox (badness 10000) has occurred while \output is active []



[828]
Underfull \vbox (badness 10000) has occurred while \output is active []



[829]
Underfull \vbox (badness 10000) has occurred while \output is active []



[830]
Underfull \vbox (badness 10000) has occurred while \output is active []



[831]
Underfull \vbox (badness 10000) has occurred while \output is active []



[832]
Underfull \vbox (badness 10000) has occurred while \output is active []



[833]
Underfull \vbox (badness 10000) has occurred while \output is active []



[834]
Underfull \vbox (badness 10000) has occurred while \output is active []



[835]
Underfull \vbox (badness 10000) has occurred while \output is active []



[836]
Underfull \vbox (badness 10000) has occurred while \output is active []



[837]
Underfull \vbox (badness 10000) has occurred while \output is active []



[838]
Underfull \vbox (badness 10000) has occurred while \output is active []



[839]
Underfull \vbox (badness 10000) has occurred while \output is active []



[840]
Underfull \vbox (badness 10000) has occurred while \output is active []



[841]
Underfull \vbox (badness 10000) has occurred while \output is active []



[842]
Underfull \vbox (badness 10000) has occurred while \output is active []



[843]
Underfull \vbox (badness 10000) has occurred while \output is active []



[844]
Underfull \vbox (badness 10000) has occurred while \output is active []



[845]
Underfull \vbox (badness 10000) has occurred while \output is active []



[846]
Underfull \vbox (badness 10000) has occurred while \output is active []



[847]
Underfull \vbox (badness 10000) has occurred while \output is active []



[848]
Underfull \vbox (badness 10000) has occurred while \output is active []



[849]
Underfull \vbox (badness 10000) has occurred while \output is active []



[850]
Underfull \vbox (badness 10000) has occurred while \output is active []



[851]
Underfull \vbox (badness 10000) has occurred while \output is active []



[852]
Underfull \vbox (badness 10000) has occurred while \output is active []



[853]
Underfull \vbox (badness 10000) has occurred while \output is active []



[854]
Underfull \vbox (badness 10000) has occurred while \output is active []



[855]
Underfull \vbox (badness 10000) has occurred while \output is active []



[856]
Underfull \vbox (badness 10000) has occurred while \output is active []



[857]
Underfull \vbox (badness 10000) has occurred while \output is active []



[858]
Underfull \vbox (badness 10000) has occurred while \output is active []



[859]
Underfull \vbox (badness 10000) has occurred while \output is active []



[860]
Underfull \vbox (badness 10000) has occurred while \output is active []



[861]
Underfull \vbox (badness 10000) has occurred while \output is active []



[862]
Underfull \vbox (badness 10000) has occurred while \output is active []



[863]
Underfull \vbox (badness 10000) has occurred while \output is active []



[864]
Underfull \vbox (badness 10000) has occurred while \output is active []



[865]
Underfull \vbox (badness 10000) has occurred while \output is active []



[866]
Underfull \vbox (badness 10000) has occurred while \output is active []



[867]
Underfull \vbox (badness 10000) has occurred while \output is active []



[868]
Underfull \vbox (badness 10000) has occurred while \output is active []



[869]
Underfull \vbox (badness 10000) has occurred while \output is active []



[870]

[871]

Package hyperref Warning: Token not allowed in a PDF string (Unicode):
(hyperref)                \hskip 10.95pt
(hyperref)                replaced by space on input line 20597.


Underfull \vbox (badness 10000) has occurred while \output is active []



[872


]
Underfull \vbox (badness 10000) has occurred while \output is active []



[873]
Underfull \vbox (badness 10000) has occurred while \output is active []



[874]
Underfull \vbox (badness 10000) has occurred while \output is active []



[875]
Underfull \vbox (badness 10000) has occurred while \output is active []



[876]
Underfull \vbox (badness 10000) has occurred while \output is active []



[877]
Underfull \vbox (badness 10000) has occurred while \output is active []



[878]
Underfull \vbox (badness 10000) has occurred while \output is active []



[879]
Underfull \vbox (badness 10000) has occurred while \output is active []



[880]
Underfull \vbox (badness 10000) has occurred while \output is active []



[881]
Underfull \vbox (badness 10000) has occurred while \output is active []



[882]
Underfull \vbox (badness 10000) has occurred while \output is active []



[883]
Underfull \vbox (badness 10000) has occurred while \output is active []



[884]
Underfull \vbox (badness 10000) has occurred while \output is active []



[885]
Underfull \vbox (badness 10000) has occurred while \output is active []



[886]
Underfull \vbox (badness 10000) has occurred while \output is active []



[887]
Underfull \vbox (badness 10000) has occurred while \output is active []



[888]
Underfull \vbox (badness 10000) has occurred while \output is active []



[889]
Underfull \vbox (badness 10000) has occurred while \output is active []



[890]
Underfull \vbox (badness 10000) has occurred while \output is active []



[891]
Underfull \vbox (badness 10000) has occurred while \output is active []



[892]
Underfull \vbox (badness 10000) has occurred while \output is active []



[893]
Underfull \vbox (badness 10000) has occurred while \output is active []



[894]
Underfull \vbox (badness 10000) has occurred while \output is active []



[895]
Underfull \vbox (badness 10000) has occurred while \output is active []



[896]
Underfull \vbox (badness 10000) has occurred while \output is active []



[897]
Underfull \vbox (badness 10000) has occurred while \output is active []



[898]
Underfull \vbox (badness 10000) has occurred while \output is active []



[899]
Underfull \vbox (badness 10000) has occurred while \output is active []



[900]
Underfull \vbox (badness 10000) has occurred while \output is active []



[901]
Underfull \vbox (badness 10000) has occurred while \output is active []



[902]
Underfull \vbox (badness 10000) has occurred while \output is active []



[903]
Underfull \vbox (badness 10000) has occurred while \output is active []



[904]
Underfull \vbox (badness 10000) has occurred while \output is active []



[905]
Underfull \vbox (badness 10000) has occurred while \output is active []



[906]
Underfull \vbox (badness 10000) has occurred while \output is active []



[907]
Underfull \vbox (badness 10000) has occurred while \output is active []



[908]
Underfull \vbox (badness 10000) has occurred while \output is active []



[909]
Underfull \vbox (badness 10000) has occurred while \output is active []



[910]
Underfull \vbox (badness 10000) has occurred while \output is active []



[911]
Underfull \vbox (badness 10000) has occurred while \output is active []



[912]
Underfull \vbox (badness 10000) has occurred while \output is active []



[913]
Underfull \vbox (badness 10000) has occurred while \output is active []



[914]
Underfull \vbox (badness 10000) has occurred while \output is active []



[915]
Overfull \hbox (0.51132pt too wide) in paragraph at lines 21447--21448
\T1/LinuxLibertineT-TLF/m/n/10.95 (-20) killed to protect them, only there was 
no one to kill. If that were the solution---
 []


Underfull \vbox (badness 10000) has occurred while \output is active []



[916]
Underfull \vbox (badness 10000) has occurred while \output is active []



[917]
Underfull \vbox (badness 10000) has occurred while \output is active []



[918]
Underfull \vbox (badness 10000) has occurred while \output is active []



[919]
Underfull \vbox (badness 10000) has occurred while \output is active []



[920]
Underfull \vbox (badness 10000) has occurred while \output is active []



[921]
Underfull \vbox (badness 10000) has occurred while \output is active []



[922]
Underfull \vbox (badness 10000) has occurred while \output is active []



[923]
Underfull \vbox (badness 10000) has occurred while \output is active []



[924]
Underfull \vbox (badness 10000) has occurred while \output is active []



[925]
Underfull \vbox (badness 10000) has occurred while \output is active []



[926]
Underfull \vbox (badness 10000) has occurred while \output is active []



[927]
Underfull \hbox (badness 1383) in paragraph at lines 21709--21710
[]\T1/LinuxLibertineT-TLF/m/n/10.95 (+20) The plane was cir-cling slowly, dip-p
ing down, then ris-ing again,
 []


Underfull \vbox (badness 10000) has occurred while \output is active []



[928]
Underfull \vbox (badness 10000) has occurred while \output is active []



[929]
Underfull \vbox (badness 10000) has occurred while \output is active []



[930]
Underfull \vbox (badness 10000) has occurred while \output is active []



[931]
Underfull \vbox (badness 10000) has occurred while \output is active []



[932]
Underfull \vbox (badness 10000) has occurred while \output is active []



[933]
Underfull \vbox (badness 10000) has occurred while \output is active []



[934]
Underfull \vbox (badness 10000) has occurred while \output is active []



[935]
Underfull \vbox (badness 10000) has occurred while \output is active []



[936]
Underfull \vbox (badness 10000) has occurred while \output is active []



[937]
Underfull \vbox (badness 10000) has occurred while \output is active []



[938]
Underfull \vbox (badness 10000) has occurred while \output is active []



[939]
Underfull \vbox (badness 10000) has occurred while \output is active []



[940]
Underfull \vbox (badness 10000) has occurred while \output is active []



[941]
Underfull \vbox (badness 10000) has occurred while \output is active []



[942]
Underfull \vbox (badness 10000) has occurred while \output is active []



[943]
Underfull \vbox (badness 10000) has occurred while \output is active []



[944]

[945]

Package hyperref Warning: Token not allowed in a PDF string (Unicode):
(hyperref)                \hskip 10.95pt
(hyperref)                replaced by space on input line 22129.


Underfull \vbox (badness 10000) has occurred while \output is active []



[946


]
Underfull \vbox (badness 10000) has occurred while \output is active []



[947]
Underfull \vbox (badness 10000) has occurred while \output is active []



[948]
Underfull \vbox (badness 10000) has occurred while \output is active []



[949]
Underfull \vbox (badness 10000) has occurred while \output is active []



[950]
Underfull \vbox (badness 10000) has occurred while \output is active []



[951]
Underfull \vbox (badness 10000) has occurred while \output is active []



[952]
Underfull \vbox (badness 10000) has occurred while \output is active []



[953]
Underfull \vbox (badness 10000) has occurred while \output is active []



[954]
Underfull \vbox (badness 10000) has occurred while \output is active []



[955]
Underfull \vbox (badness 10000) has occurred while \output is active []



[956]
Underfull \vbox (badness 10000) has occurred while \output is active []



[957]
Underfull \vbox (badness 10000) has occurred while \output is active []



[958]
Underfull \vbox (badness 10000) has occurred while \output is active []



[959]
Underfull \vbox (badness 10000) has occurred while \output is active []



[960]
Underfull \vbox (badness 10000) has occurred while \output is active []



[961]
Underfull \vbox (badness 10000) has occurred while \output is active []



[962]
Underfull \vbox (badness 10000) has occurred while \output is active []



[963]
Underfull \vbox (badness 10000) has occurred while \output is active []



[964]
Underfull \vbox (badness 10000) has occurred while \output is active []



[965]
Underfull \vbox (badness 10000) has occurred while \output is active []



[966]
Underfull \vbox (badness 10000) has occurred while \output is active []



[967]
Underfull \vbox (badness 10000) has occurred while \output is active []



[968]
Underfull \vbox (badness 10000) has occurred while \output is active []



[969]
Underfull \vbox (badness 10000) has occurred while \output is active []



[970]
Underfull \vbox (badness 10000) has occurred while \output is active []



[971]
Underfull \vbox (badness 10000) has occurred while \output is active []



[972]
Underfull \vbox (badness 10000) has occurred while \output is active []



[973]
Underfull \vbox (badness 10000) has occurred while \output is active []



[974]
Underfull \vbox (badness 10000) has occurred while \output is active []



[975]
Underfull \vbox (badness 10000) has occurred while \output is active []



[976]
Underfull \vbox (badness 10000) has occurred while \output is active []



[977]
Underfull \vbox (badness 10000) has occurred while \output is active []



[978]
Underfull \vbox (badness 10000) has occurred while \output is active []



[979]
Underfull \vbox (badness 10000) has occurred while \output is active []



[980]
Underfull \vbox (badness 10000) has occurred while \output is active []



[981]
Underfull \vbox (badness 10000) has occurred while \output is active []



[982]
Underfull \vbox (badness 10000) has occurred while \output is active []



[983]
Underfull \vbox (badness 10000) has occurred while \output is active []



[984]
Underfull \vbox (badness 10000) has occurred while \output is active []



[985]
Underfull \vbox (badness 10000) has occurred while \output is active []



[986]
Underfull \vbox (badness 10000) has occurred while \output is active []



[987]
Underfull \vbox (badness 10000) has occurred while \output is active []



[988]
Underfull \vbox (badness 10000) has occurred while \output is active []



[989]
Underfull \vbox (badness 10000) has occurred while \output is active []



[990]
Underfull \vbox (badness 10000) has occurred while \output is active []



[991]
Underfull \vbox (badness 10000) has occurred while \output is active []



[992]
Underfull \vbox (badness 10000) has occurred while \output is active []



[993]
Underfull \vbox (badness 10000) has occurred while \output is active []



[994]
Underfull \vbox (badness 10000) has occurred while \output is active []



[995]
Underfull \vbox (badness 10000) has occurred while \output is active []



[996]
Underfull \vbox (badness 10000) has occurred while \output is active []



[997]
Underfull \vbox (badness 10000) has occurred while \output is active []



[998]
Underfull \vbox (badness 10000) has occurred while \output is active []



[999]

[1000]

Package hyperref Warning: Token not allowed in a PDF string (Unicode):
(hyperref)                \hskip 10.95pt
(hyperref)                replaced by space on input line 23323.


Underfull \vbox (badness 10000) has occurred while \output is active []



[1001


]
Underfull \vbox (badness 10000) has occurred while \output is active []



[1002]
Underfull \vbox (badness 10000) has occurred while \output is active []



[1003]
Underfull \vbox (badness 10000) has occurred while \output is active []



[1004]
Underfull \vbox (badness 10000) has occurred while \output is active []



[1005]
Underfull \vbox (badness 10000) has occurred while \output is active []



[1006]
Underfull \vbox (badness 10000) has occurred while \output is active []



[1007]
Underfull \vbox (badness 10000) has occurred while \output is active []



[1008]
Underfull \vbox (badness 10000) has occurred while \output is active []



[1009]
Underfull \vbox (badness 10000) has occurred while \output is active []



[1010]
Underfull \vbox (badness 10000) has occurred while \output is active []



[1011]
Underfull \vbox (badness 10000) has occurred while \output is active []



[1012]
Underfull \vbox (badness 10000) has occurred while \output is active []



[1013]
Overfull \hbox (0.53552pt too wide) in paragraph at lines 23603--23604
\T1/LinuxLibertineT-TLF/m/n/10.95 (-20) called the intellectual leaders of the 
country, ``Dr. Simon Pritchett is a phony---
 []


Underfull \vbox (badness 10000) has occurred while \output is active []



[1014]
Underfull \vbox (badness 10000) has occurred while \output is active []



[1015]
Underfull \vbox (badness 10000) has occurred while \output is active []



[1016]
Underfull \vbox (badness 10000) has occurred while \output is active []



[1017]
Underfull \vbox (badness 10000) has occurred while \output is active []



[1018]
Underfull \vbox (badness 10000) has occurred while \output is active []



[1019]
Underfull \vbox (badness 10000) has occurred while \output is active []



[1020]
Underfull \vbox (badness 10000) has occurred while \output is active []



[1021]
Underfull \vbox (badness 10000) has occurred while \output is active []



[1022]
Underfull \vbox (badness 10000) has occurred while \output is active []



[1023]
Underfull \vbox (badness 10000) has occurred while \output is active []



[1024]
Underfull \vbox (badness 10000) has occurred while \output is active []



[1025]
Underfull \vbox (badness 10000) has occurred while \output is active []



[1026]
Underfull \vbox (badness 10000) has occurred while \output is active []



[1027]
Underfull \vbox (badness 10000) has occurred while \output is active []



[1028]
Underfull \vbox (badness 10000) has occurred while \output is active []



[1029]
Underfull \vbox (badness 10000) has occurred while \output is active []



[1030]
Underfull \vbox (badness 10000) has occurred while \output is active []



[1031]
Underfull \vbox (badness 10000) has occurred while \output is active []



[1032]
Underfull \vbox (badness 10000) has occurred while \output is active []



[1033]
Underfull \vbox (badness 10000) has occurred while \output is active []



[1034]
Underfull \vbox (badness 10000) has occurred while \output is active []



[1035]
Underfull \vbox (badness 10000) has occurred while \output is active []



[1036]
Underfull \vbox (badness 10000) has occurred while \output is active []



[1037]
Underfull \vbox (badness 10000) has occurred while \output is active []



[1038]
Underfull \vbox (badness 10000) has occurred while \output is active []



[1039]
Underfull \vbox (badness 10000) has occurred while \output is active []



[1040]
Underfull \vbox (badness 10000) has occurred while \output is active []



[1041]
Underfull \vbox (badness 10000) has occurred while \output is active []



[1042]
Underfull \vbox (badness 10000) has occurred while \output is active []



[1043]
Underfull \vbox (badness 10000) has occurred while \output is active []



[1044]
Underfull \vbox (badness 10000) has occurred while \output is active []



[1045]
Underfull \vbox (badness 10000) has occurred while \output is active []



[1046]
Underfull \vbox (badness 10000) has occurred while \output is active []



[1047]
Underfull \vbox (badness 10000) has occurred while \output is active []



[1048]
Underfull \vbox (badness 10000) has occurred while \output is active []



[1049]
Underfull \vbox (badness 10000) has occurred while \output is active []



[1050]
Underfull \vbox (badness 10000) has occurred while \output is active []



[1051]

[1052]

Package hyperref Warning: Token not allowed in a PDF string (Unicode):
(hyperref)                \hskip 10.95pt
(hyperref)                replaced by space on input line 24441.


Underfull \vbox (badness 10000) has occurred while \output is active []



[1053


]
Underfull \vbox (badness 10000) has occurred while \output is active []



[1054]
Underfull \vbox (badness 10000) has occurred while \output is active []



[1055]
Underfull \vbox (badness 10000) has occurred while \output is active []



[1056]
Underfull \vbox (badness 10000) has occurred while \output is active []



[1057]
Underfull \vbox (badness 10000) has occurred while \output is active []



[1058]
Underfull \vbox (badness 10000) has occurred while \output is active []



[1059]
Underfull \vbox (badness 10000) has occurred while \output is active []



[1060]
Underfull \vbox (badness 10000) has occurred while \output is active []



[1061]
Underfull \vbox (badness 10000) has occurred while \output is active []



[1062]
Underfull \vbox (badness 10000) has occurred while \output is active []



[1063]
Underfull \vbox (badness 10000) has occurred while \output is active []



[1064]
Underfull \vbox (badness 10000) has occurred while \output is active []



[1065]
Underfull \vbox (badness 10000) has occurred while \output is active []



[1066]
Underfull \vbox (badness 10000) has occurred while \output is active []



[1067]
Underfull \vbox (badness 10000) has occurred while \output is active []



[1068]
Underfull \vbox (badness 10000) has occurred while \output is active []



[1069]
Underfull \vbox (badness 10000) has occurred while \output is active []



[1070]
Underfull \vbox (badness 10000) has occurred while \output is active []



[1071]
Underfull \vbox (badness 10000) has occurred while \output is active []



[1072]
Underfull \vbox (badness 10000) has occurred while \output is active []



[1073]
Underfull \vbox (badness 10000) has occurred while \output is active []



[1074]
Underfull \vbox (badness 10000) has occurred while \output is active []



[1075]
Underfull \vbox (badness 10000) has occurred while \output is active []



[1076]
Underfull \vbox (badness 10000) has occurred while \output is active []



[1077]
Underfull \vbox (badness 10000) has occurred while \output is active []



[1078]
Underfull \vbox (badness 10000) has occurred while \output is active []



[1079]
Underfull \vbox (badness 10000) has occurred while \output is active []



[1080]
Underfull \vbox (badness 10000) has occurred while \output is active []



[1081]
Underfull \vbox (badness 10000) has occurred while \output is active []



[1082]
Underfull \vbox (badness 10000) has occurred while \output is active []



[1083]
Underfull \vbox (badness 10000) has occurred while \output is active []



[1084]
Underfull \vbox (badness 10000) has occurred while \output is active []



[1085]
Underfull \vbox (badness 10000) has occurred while \output is active []



[1086]
Underfull \vbox (badness 10000) has occurred while \output is active []



[1087]
Underfull \vbox (badness 10000) has occurred while \output is active []



[1088]
Underfull \vbox (badness 10000) has occurred while \output is active []



[1089]
Underfull \vbox (badness 10000) has occurred while \output is active []



[1090]
Underfull \vbox (badness 10000) has occurred while \output is active []



[1091]
Underfull \vbox (badness 10000) has occurred while \output is active []



[1092]
Underfull \vbox (badness 10000) has occurred while \output is active []



[1093]
Underfull \vbox (badness 10000) has occurred while \output is active []



[1094]
Underfull \vbox (badness 10000) has occurred while \output is active []



[1095]
Underfull \vbox (badness 10000) has occurred while \output is active []



[1096]
Underfull \vbox (badness 10000) has occurred while \output is active []



[1097]
Underfull \vbox (badness 10000) has occurred while \output is active []



[1098]
Underfull \vbox (badness 10000) has occurred while \output is active []



[1099]
Underfull \vbox (badness 10000) has occurred while \output is active []



[1100]
Underfull \vbox (badness 10000) has occurred while \output is active []



[1101]
Underfull \vbox (badness 10000) has occurred while \output is active []



[1102]
Underfull \vbox (badness 10000) has occurred while \output is active []



[1103]
Underfull \vbox (badness 10000) has occurred while \output is active []



[1104]
Underfull \vbox (badness 10000) has occurred while \output is active []



[1105]
Underfull \vbox (badness 10000) has occurred while \output is active []



[1106]
Underfull \vbox (badness 10000) has occurred while \output is active []



[1107]
Underfull \vbox (badness 10000) has occurred while \output is active []



[1108]
Underfull \vbox (badness 10000) has occurred while \output is active []



[1109]
Underfull \vbox (badness 10000) has occurred while \output is active []



[1110]
Underfull \vbox (badness 10000) has occurred while \output is active []



[1111]
Underfull \vbox (badness 10000) has occurred while \output is active []



[1112]
Underfull \vbox (badness 10000) has occurred while \output is active []



[1113]
Underfull \vbox (badness 10000) has occurred while \output is active []



[1114]
Underfull \vbox (badness 10000) has occurred while \output is active []



[1115]

[1116]

Package hyperref Warning: Token not allowed in a PDF string (Unicode):
(hyperref)                \hskip 10.95pt
(hyperref)                replaced by space on input line 25617.


Underfull \vbox (badness 10000) has occurred while \output is active []



[1117


]
Underfull \vbox (badness 10000) has occurred while \output is active []



[1118]
Underfull \vbox (badness 10000) has occurred while \output is active []



[1119]
Underfull \vbox (badness 10000) has occurred while \output is active []



[1120]
Underfull \vbox (badness 10000) has occurred while \output is active []



[1121]
Underfull \vbox (badness 10000) has occurred while \output is active []



[1122]
Underfull \vbox (badness 10000) has occurred while \output is active []



[1123]
Underfull \vbox (badness 10000) has occurred while \output is active []



[1124]
Underfull \vbox (badness 10000) has occurred while \output is active []



[1125]
Underfull \vbox (badness 10000) has occurred while \output is active []



[1126]
Underfull \vbox (badness 10000) has occurred while \output is active []



[1127]
Underfull \vbox (badness 10000) has occurred while \output is active []



[1128]
Underfull \vbox (badness 10000) has occurred while \output is active []



[1129]
Underfull \vbox (badness 10000) has occurred while \output is active []



[1130]
Underfull \vbox (badness 10000) has occurred while \output is active []



[1131]
Underfull \vbox (badness 10000) has occurred while \output is active []



[1132]
Underfull \vbox (badness 10000) has occurred while \output is active []



[1133]
Underfull \vbox (badness 10000) has occurred while \output is active []



[1134]
Underfull \vbox (badness 10000) has occurred while \output is active []



[1135]
Underfull \vbox (badness 10000) has occurred while \output is active []



[1136]
Underfull \vbox (badness 10000) has occurred while \output is active []



[1137]
Underfull \vbox (badness 10000) has occurred while \output is active []



[1138]
Underfull \vbox (badness 10000) has occurred while \output is active []



[1139]
Underfull \vbox (badness 10000) has occurred while \output is active []



[1140]
Underfull \vbox (badness 10000) has occurred while \output is active []



[1141]
Underfull \vbox (badness 10000) has occurred while \output is active []



[1142]
Underfull \vbox (badness 10000) has occurred while \output is active []



[1143]
Underfull \vbox (badness 10000) has occurred while \output is active []



[1144]
Underfull \vbox (badness 10000) has occurred while \output is active []



[1145]
Underfull \vbox (badness 10000) has occurred while \output is active []



[1146]
Underfull \vbox (badness 10000) has occurred while \output is active []



[1147]
Underfull \vbox (badness 10000) has occurred while \output is active []



[1148]
Underfull \vbox (badness 10000) has occurred while \output is active []



[1149]
Underfull \vbox (badness 10000) has occurred while \output is active []



[1150]
Underfull \vbox (badness 10000) has occurred while \output is active []



[1151]
Underfull \vbox (badness 10000) has occurred while \output is active []



[1152]
Underfull \vbox (badness 10000) has occurred while \output is active []



[1153]
Underfull \vbox (badness 10000) has occurred while \output is active []



[1154]
Underfull \vbox (badness 10000) has occurred while \output is active []



[1155]
Underfull \vbox (badness 10000) has occurred while \output is active []



[1156]
Underfull \vbox (badness 10000) has occurred while \output is active []



[1157]
Underfull \vbox (badness 10000) has occurred while \output is active []



[1158]

[1159]

Package hyperref Warning: Token not allowed in a PDF string (Unicode):
(hyperref)                \hskip 10.95pt
(hyperref)                replaced by space on input line 26683.


Underfull \vbox (badness 10000) has occurred while \output is active []



[1160


]
Underfull \vbox (badness 10000) has occurred while \output is active []



[1161]
Underfull \vbox (badness 10000) has occurred while \output is active []



[1162]
Underfull \vbox (badness 10000) has occurred while \output is active []



[1163]
Underfull \vbox (badness 10000) has occurred while \output is active []



[1164]
Underfull \vbox (badness 10000) has occurred while \output is active []



[1165]
Underfull \vbox (badness 10000) has occurred while \output is active []



[1166]
Underfull \vbox (badness 10000) has occurred while \output is active []



[1167]
Underfull \vbox (badness 10000) has occurred while \output is active []



[1168]
Underfull \vbox (badness 10000) has occurred while \output is active []



[1169]
Underfull \vbox (badness 10000) has occurred while \output is active []



[1170]
Underfull \vbox (badness 10000) has occurred while \output is active []



[1171]
Underfull \vbox (badness 10000) has occurred while \output is active []



[1172]
Underfull \vbox (badness 10000) has occurred while \output is active []



[1173]
Underfull \vbox (badness 10000) has occurred while \output is active []



[1174]
Underfull \vbox (badness 10000) has occurred while \output is active []



[1175]
Underfull \vbox (badness 10000) has occurred while \output is active []



[1176]
Underfull \vbox (badness 10000) has occurred while \output is active []



[1177]
Underfull \vbox (badness 10000) has occurred while \output is active []



[1178]
Underfull \vbox (badness 10000) has occurred while \output is active []



[1179]
Underfull \vbox (badness 10000) has occurred while \output is active []



[1180]
Underfull \vbox (badness 10000) has occurred while \output is active []



[1181]
Underfull \vbox (badness 10000) has occurred while \output is active []



[1182]
Underfull \vbox (badness 10000) has occurred while \output is active []



[1183]
Underfull \vbox (badness 10000) has occurred while \output is active []



[1184]
Underfull \vbox (badness 10000) has occurred while \output is active []



[1185]
Underfull \vbox (badness 10000) has occurred while \output is active []



[1186]
Underfull \vbox (badness 10000) has occurred while \output is active []



[1187]
Underfull \vbox (badness 10000) has occurred while \output is active []



[1188]
Underfull \vbox (badness 10000) has occurred while \output is active []



[1189]
Underfull \vbox (badness 10000) has occurred while \output is active []



[1190]
Underfull \vbox (badness 10000) has occurred while \output is active []



[1191]
Underfull \vbox (badness 10000) has occurred while \output is active []



[1192]
Underfull \vbox (badness 10000) has occurred while \output is active []



[1193]
Underfull \vbox (badness 10000) has occurred while \output is active []



[1194]
Underfull \vbox (badness 10000) has occurred while \output is active []



[1195]
Underfull \vbox (badness 10000) has occurred while \output is active []



[1196]
Underfull \vbox (badness 10000) has occurred while \output is active []



[1197]
Underfull \vbox (badness 10000) has occurred while \output is active []



[1198]
Underfull \vbox (badness 10000) has occurred while \output is active []



[1199]
Underfull \vbox (badness 10000) has occurred while \output is active []



[1200]
Underfull \vbox (badness 10000) has occurred while \output is active []



[1201]
Underfull \vbox (badness 10000) has occurred while \output is active []



[1202]
Underfull \vbox (badness 10000) has occurred while \output is active []



[1203]
Underfull \vbox (badness 10000) has occurred while \output is active []



[1204]
Underfull \vbox (badness 10000) has occurred while \output is active []



[1205]
Underfull \vbox (badness 10000) has occurred while \output is active []



[1206]
Underfull \vbox (badness 10000) has occurred while \output is active []



[1207]
Underfull \vbox (badness 10000) has occurred while \output is active []



[1208]
Underfull \vbox (badness 10000) has occurred while \output is active []



[1209]
Underfull \vbox (badness 10000) has occurred while \output is active []



[1210]
Underfull \vbox (badness 10000) has occurred while \output is active []



[1211]
Underfull \vbox (badness 10000) has occurred while \output is active []



[1212]
Underfull \vbox (badness 10000) has occurred while \output is active []



[1213]
Underfull \vbox (badness 10000) has occurred while \output is active []



[1214]
Underfull \vbox (badness 10000) has occurred while \output is active []



[1215]
Underfull \vbox (badness 10000) has occurred while \output is active []



[1216]
Underfull \vbox (badness 10000) has occurred while \output is active []



[1217]
Underfull \vbox (badness 10000) has occurred while \output is active []



[1218]
Underfull \vbox (badness 10000) has occurred while \output is active []



[1219]
Underfull \vbox (badness 10000) has occurred while \output is active []



[1220]
Underfull \vbox (badness 10000) has occurred while \output is active []



[1221]
Underfull \vbox (badness 10000) has occurred while \output is active []



[1222]
Underfull \vbox (badness 10000) has occurred while \output is active []



[1223]
Underfull \vbox (badness 10000) has occurred while \output is active []



[1224]
Underfull \vbox (badness 10000) has occurred while \output is active []



[1225]
Underfull \vbox (badness 10000) has occurred while \output is active []



[1226]
Underfull \vbox (badness 10000) has occurred while \output is active []



[1227]
Underfull \vbox (badness 10000) has occurred while \output is active []



[1228]
Underfull \vbox (badness 10000) has occurred while \output is active []



[1229]
Underfull \vbox (badness 10000) has occurred while \output is active []



[1230]
Underfull \vbox (badness 10000) has occurred while \output is active []



[1231]
Underfull \vbox (badness 10000) has occurred while \output is active []



[1232]
Underfull \vbox (badness 10000) has occurred while \output is active []



[1233]
Underfull \vbox (badness 10000) has occurred while \output is active []



[1234]
Underfull \vbox (badness 10000) has occurred while \output is active []



[1235]
Underfull \vbox (badness 10000) has occurred while \output is active []



[1236]
Underfull \vbox (badness 10000) has occurred while \output is active []



[1237]
Underfull \vbox (badness 10000) has occurred while \output is active []



[1238]
Underfull \vbox (badness 10000) has occurred while \output is active []



[1239]
Underfull \vbox (badness 10000) has occurred while \output is active []



[1240]

[1241]

Package hyperref Warning: Token not allowed in a PDF string (Unicode):
(hyperref)                \hskip 10.95pt
(hyperref)                replaced by space on input line 27607.


Underfull \vbox (badness 10000) has occurred while \output is active []



[1242


]
Underfull \vbox (badness 10000) has occurred while \output is active []



[1243]
Underfull \vbox (badness 10000) has occurred while \output is active []



[1244]
Underfull \vbox (badness 10000) has occurred while \output is active []



[1245]
Underfull \vbox (badness 10000) has occurred while \output is active []



[1246]
Underfull \vbox (badness 10000) has occurred while \output is active []



[1247]
Underfull \vbox (badness 10000) has occurred while \output is active []



[1248]
Underfull \vbox (badness 10000) has occurred while \output is active []



[1249]
Underfull \vbox (badness 10000) has occurred while \output is active []



[1250]
Underfull \vbox (badness 10000) has occurred while \output is active []



[1251]
Underfull \vbox (badness 10000) has occurred while \output is active []



[1252]
Underfull \vbox (badness 10000) has occurred while \output is active []



[1253]
Underfull \vbox (badness 10000) has occurred while \output is active []



[1254]
Underfull \vbox (badness 10000) has occurred while \output is active []



[1255]
Underfull \vbox (badness 10000) has occurred while \output is active []



[1256]
Underfull \vbox (badness 10000) has occurred while \output is active []



[1257]
Underfull \vbox (badness 10000) has occurred while \output is active []



[1258]
Underfull \vbox (badness 10000) has occurred while \output is active []



[1259]
Underfull \vbox (badness 10000) has occurred while \output is active []



[1260]
Underfull \vbox (badness 10000) has occurred while \output is active []



[1261]
Underfull \vbox (badness 10000) has occurred while \output is active []



[1262]
Underfull \vbox (badness 10000) has occurred while \output is active []



[1263]
Underfull \vbox (badness 10000) has occurred while \output is active []



[1264]
Underfull \vbox (badness 10000) has occurred while \output is active []



[1265]
Underfull \vbox (badness 10000) has occurred while \output is active []



[1266]
Underfull \vbox (badness 10000) has occurred while \output is active []



[1267]
Underfull \vbox (badness 10000) has occurred while \output is active []



[1268]
Underfull \vbox (badness 10000) has occurred while \output is active []



[1269]
Underfull \vbox (badness 10000) has occurred while \output is active []



[1270]
Underfull \vbox (badness 10000) has occurred while \output is active []



[1271]
Underfull \vbox (badness 10000) has occurred while \output is active []



[1272]
Underfull \vbox (badness 10000) has occurred while \output is active []



[1273]
Underfull \vbox (badness 10000) has occurred while \output is active []



[1274]
Underfull \vbox (badness 10000) has occurred while \output is active []



[1275]
Underfull \vbox (badness 10000) has occurred while \output is active []



[1276]
Underfull \vbox (badness 10000) has occurred while \output is active []



[1277]
Underfull \vbox (badness 10000) has occurred while \output is active []



[1278]
Underfull \vbox (badness 10000) has occurred while \output is active []



[1279]
Underfull \vbox (badness 10000) has occurred while \output is active []



[1280]
Underfull \vbox (badness 10000) has occurred while \output is active []



[1281]
Underfull \vbox (badness 10000) has occurred while \output is active []



[1282]
Underfull \vbox (badness 10000) has occurred while \output is active []



[1283]
Underfull \vbox (badness 10000) has occurred while \output is active []



[1284]
Underfull \vbox (badness 10000) has occurred while \output is active []



[1285]
Underfull \vbox (badness 10000) has occurred while \output is active []



[1286]
Underfull \vbox (badness 10000) has occurred while \output is active []



[1287]
Underfull \vbox (badness 10000) has occurred while \output is active []



[1288]
Underfull \vbox (badness 10000) has occurred while \output is active []



[1289]
Underfull \vbox (badness 10000) has occurred while \output is active []



[1290]
Underfull \vbox (badness 10000) has occurred while \output is active []



[1291]
Underfull \vbox (badness 10000) has occurred while \output is active []



[1292]
Underfull \vbox (badness 10000) has occurred while \output is active []



[1293]
Underfull \vbox (badness 10000) has occurred while \output is active []



[1294]
Underfull \vbox (badness 10000) has occurred while \output is active []



[1295]
Underfull \vbox (badness 10000) has occurred while \output is active []



[1296]
Underfull \vbox (badness 10000) has occurred while \output is active []



[1297]
Underfull \vbox (badness 10000) has occurred while \output is active []



[1298]
Underfull \vbox (badness 10000) has occurred while \output is active []



[1299]
Underfull \vbox (badness 10000) has occurred while \output is active []



[1300]
Overfull \hbox (0.678pt too wide) in paragraph at lines 29221--29222
\T1/LinuxLibertineT-TLF/m/n/10.95 (-20) past, where he would have been receivin
g an industrial award. Celebrations---
 []


Underfull \vbox (badness 10000) has occurred while \output is active []



[1301]
Underfull \vbox (badness 10000) has occurred while \output is active []



[1302]
Underfull \vbox (badness 10000) has occurred while \output is active []



[1303]
Underfull \vbox (badness 10000) has occurred while \output is active []



[1304]
Underfull \vbox (badness 10000) has occurred while \output is active []



[1305]

[1306]

Package hyperref Warning: Token not allowed in a PDF string (Unicode):
(hyperref)                \hskip 10.95pt
(hyperref)                replaced by space on input line 29289.


Underfull \vbox (badness 10000) has occurred while \output is active []



[1307


]
Underfull \vbox (badness 10000) has occurred while \output is active []



[1308]
Underfull \vbox (badness 10000) has occurred while \output is active []



[1309]
Underfull \vbox (badness 10000) has occurred while \output is active []



[1310]
Underfull \vbox (badness 10000) has occurred while \output is active []



[1311]
Underfull \vbox (badness 10000) has occurred while \output is active []



[1312]
Underfull \vbox (badness 10000) has occurred while \output is active []



[1313]
Underfull \vbox (badness 10000) has occurred while \output is active []



[1314]
Underfull \vbox (badness 10000) has occurred while \output is active []



[1315]
Underfull \vbox (badness 10000) has occurred while \output is active []



[1316]
Underfull \vbox (badness 10000) has occurred while \output is active []



[1317]
Underfull \vbox (badness 10000) has occurred while \output is active []



[1318]
Underfull \vbox (badness 10000) has occurred while \output is active []



[1319]
Underfull \vbox (badness 10000) has occurred while \output is active []



[1320]
Underfull \vbox (badness 10000) has occurred while \output is active []



[1321]
Underfull \vbox (badness 10000) has occurred while \output is active []



[1322]
Underfull \vbox (badness 10000) has occurred while \output is active []



[1323]
Underfull \vbox (badness 10000) has occurred while \output is active []



[1324]
Underfull \vbox (badness 10000) has occurred while \output is active []



[1325]
Underfull \vbox (badness 10000) has occurred while \output is active []



[1326]
Underfull \vbox (badness 10000) has occurred while \output is active []



[1327]
Underfull \vbox (badness 10000) has occurred while \output is active []



[1328]
Underfull \vbox (badness 10000) has occurred while \output is active []



[1329]
Underfull \vbox (badness 10000) has occurred while \output is active []



[1330]

[1331]

Package hyperref Warning: Token not allowed in a PDF string (Unicode):
(hyperref)                \hskip 10.95pt
(hyperref)                replaced by space on input line 29867.


Underfull \vbox (badness 10000) has occurred while \output is active []



[1332


]
Underfull \vbox (badness 10000) has occurred while \output is active []



[1333]
Underfull \vbox (badness 10000) has occurred while \output is active []



[1334]
Underfull \vbox (badness 10000) has occurred while \output is active []



[1335]
Underfull \vbox (badness 10000) has occurred while \output is active []



[1336]
Underfull \vbox (badness 10000) has occurred while \output is active []



[1337]
Underfull \vbox (badness 10000) has occurred while \output is active []



[1338]
Underfull \vbox (badness 10000) has occurred while \output is active []



[1339]
Underfull \vbox (badness 10000) has occurred while \output is active []



[1340]
Underfull \vbox (badness 10000) has occurred while \output is active []



[1341]
Underfull \vbox (badness 10000) has occurred while \output is active []



[1342]
Underfull \vbox (badness 10000) has occurred while \output is active []



[1343]
Underfull \vbox (badness 10000) has occurred while \output is active []



[1344]
Underfull \vbox (badness 10000) has occurred while \output is active []



[1345]
Underfull \vbox (badness 10000) has occurred while \output is active []



[1346]
Underfull \vbox (badness 10000) has occurred while \output is active []



[1347]
Underfull \vbox (badness 10000) has occurred while \output is active []



[1348]
Underfull \vbox (badness 10000) has occurred while \output is active []



[1349]
Underfull \vbox (badness 10000) has occurred while \output is active []



[1350]
Underfull \vbox (badness 10000) has occurred while \output is active []



[1351]
Underfull \vbox (badness 10000) has occurred while \output is active []



[1352]
Underfull \vbox (badness 10000) has occurred while \output is active []



[1353]
Underfull \vbox (badness 10000) has occurred while \output is active []



[1354]
Underfull \vbox (badness 10000) has occurred while \output is active []



[1355]
Underfull \vbox (badness 10000) has occurred while \output is active []



[1356]
Underfull \vbox (badness 10000) has occurred while \output is active []



[1357]

[1358] (./Atlas_Shrugged.aux)
 ***********
LaTeX2e <2024-11-01> patch level 2
L3 programming layer <2025-01-18>
 ***********
Package rerunfilecheck Info: File `Atlas_Shrugged.out' has not changed.
(rerunfilecheck)             Checksum: 008DF0220343C9F6EAB6EADB74A533FF;7351.
 ) 
Here is how much of TeX's memory you used:
 13684 strings out of 473190
 216993 string characters out of 5715800
 634756 words of memory out of 5000000
 35173 multiletter control sequences out of 15000+600000
 655965 words of font info for 195 fonts, out of 8000000 for 9000
 1141 hyphenation exceptions out of 8191
 75i,13n,79p,3752b,533s stack positions out of 10000i,1000n,20000p,200000b,200000s
</usr/local/texlive/2025/texmf-dist/fonts/type1/public/libertine/LinBiolinumT
.pfb></usr/local/texlive/2025/texmf-dist/fonts/type1/public/libertine/LinBiolin
umTB.pfb></usr/local/texlive/2025/texmf-dist/fonts/type1/public/libertine/LinBi
olinumTI.pfb></usr/local/texlive/2025/texmf-dist/fonts/type1/public/libertine/L
inLibertineT.pfb></usr/local/texlive/2025/texmf-dist/fonts/type1/public/liberti
ne/LinLibertineTB.pfb></usr/local/texlive/2025/texmf-dist/fonts/type1/public/li
bertine/LinLibertineTI.pfb>
Output written on Atlas_Shrugged.pdf (1362 pages, 3801757 bytes).
PDF statistics:
 6302 PDF objects out of 7423 (max. 8388607)
 4877 compressed objects within 49 object streams
 1428 named destinations out of 1440 (max. 500000)
 51473 words of extra memory for PDF output out of 51595 (max. 10000000)

